MEDIA_ID,MEDIA_NAME,CNT,TIME(2022/04/25 14:45:31.234),TIMETICK(f=10000000),FPOGX,FPOGY,FPOGS,FPOGD,FPOGID,FPOGV,BPOGX,BPOGY,BPOGV,CX,CY,CS,USER,LPCX,LPCY,LPD,LPS,LPV,RPCX,RPCY,RPD,RPS,RPV,BKID,BKDUR,BKPMIN,LPMM,LPMMV,RPMM,RPMMV,DIAL,DIALV,GSR,GSRV,HR,HRV,HRP,TTL0,TTL1,TTLV,PIXS,PIXV,AOI,SACCADE_MAG,SACCADE_DIR,VID_FRAME,
22,773f17.png,26,0.42578,156069266179,0.38088,0.00094,0.00000,0.42579,1,1,0.43784,0.23412,1,0.37292,0.09500,0,,0.26287,0.62597,15.27827,0.93035,1,0.60805,0.57381,14.41454,0.91924,1,0,0.00000,10,4.14618,1,3.55653,1,0.00000,0,0,0,0,0,0,1,1,0,0.00000,0,,0.00000,0.00000,0,
22,773f17.png,43,0.70703,156072072065,0.47589,0.12393,0.49219,0.21484,2,1,0.51952,-0.05234,1,0.37292,0.09500,0,,0.27415,0.63083,15.48154,0.93877,1,0.61669,0.57274,13.74889,0.94988,1,0,0.00000,10,4.12055,1,3.85091,1,0.00000,0,0,0,0,0,0,1,1,0,0.00000,0,,234.64650,321.02509,0,
22,773f17.png,74,1.21484,156077151048,0.49213,-0.09023,0.77246,0.44238,3,1,0.28246,-0.07750,1,0.40625,0.11333,0,,0.35206,0.76868,13.62316,1.01268,0,0.68133,0.70660,10.57123,1.02627,1,0,0.00000,10,4.14033,0,3.87701,1,0.00000,0,0,0,0,0,0,1,1,0,0.00000,0,,258.87668,83.08212,0,
22,773f17.png,97,1.59375,156080945893,0.26457,0.02503,1.28125,0.31250,4,1,0.23785,0.16211,1,0.40677,0.11333,0,,0.35551,0.88251,12.90106,1.11369,1,0.67923,0.79134,12.28718,1.11369,1,0,0.00000,10,3.62059,1,3.36808,1,0.00000,0,0,0,0,0,0,1,1,0,0.00000,0,,458.28500,197.56595,0,
22,773f17.png,120,1.97168,156084722573,0.24532,0.25151,1.65918,0.31250,5,1,0.23562,0.24846,1,0.40677,0.11333,0,,0.31619,0.85941,13.87062,1.01284,1,0.64512,0.76852,13.10147,1.01284,1,0,0.00000,10,3.89160,1,3.49478,1,0.00000,0,0,0,0,0,0,1,1,0,0.00000,0,,274.27762,262.25562,0,
22,773f17.png,138,2.26563,156087666432,0.28686,0.31170,1.98828,0.27734,6,1,0.56300,0.15954,1,0.40677,0.11333,0,,0.36762,0.82169,15.01586,1.02580,1,0.70115,0.74671,13.23076,1.01469,1,0,0.00000,10,4.11479,1,3.40258,1,0.00000,0,0,0,0,0,0,1,1,0,0.00000,0,,107.60123,317.83591,0,
22,773f17.png,156,2.56348,156090640299,0.61263,0.17926,2.33203,0.23145,7,1,0.65659,0.10329,1,0.40677,0.11333,0,,0.38567,0.88435,14.54038,1.06654,1,0.71570,0.81457,13.99120,1.06654,1,0,0.00000,10,4.08806,1,3.70761,1,0.00000,0,0,0,0,0,0,1,1,0,0.00000,0,,645.35370,14.25660,0,
22,773f17.png,177,2.90820,156094087523,0.68846,0.17015,2.58008,0.32813,8,1,0.65894,0.35916,1,0.40677,0.11333,0,,0.41567,0.93813,14.12479,1.06654,1,0.74190,0.87913,12.31384,1.08012,1,0,0.00000,10,4.06917,1,3.94775,1,0.00000,0,0,0,0,0,0,1,1,0,0.00000,0,,146.00334,4.29404,0,
22,773f17.png,197,3.23535,156097361573,0.61498,0.71570,2.97363,0.26172,9,1,0.70218,0.72835,1,0.40677,0.11333,0,,0.40828,0.99504,12.27767,1.08012,0,0.74719,0.96074,12.36502,1.08012,1,0,0.00000,10,3.69179,0,3.70623,1,0.00000,0,0,0,0,0,0,1,1,0,0.00000,0,,669.68927,257.83856,0,
22,773f17.png,212,3.48242,156099826803,0.68325,0.64976,3.25195,0.23047,10,1,0.72709,0.45148,1,0.40677,0.11333,0,,0.40828,0.99504,12.27767,1.08012,0,0.75646,0.96901,12.60055,1.08012,1,0,0.00000,10,3.69179,0,3.53035,1,0.00000,0,0,0,0,0,0,1,1,0,0.00000,0,,153.11032,31.11807,0,
22,773f17.png,229,3.76172,156102620253,0.71217,0.56375,3.49805,0.26367,11,1,0.74865,0.73343,1,0.40677,0.11333,0,,0.40828,0.99504,12.27767,1.08012,0,0.74424,0.97944,11.69736,1.08012,1,0,0.00000,10,3.69179,0,3.26369,1,0.00000,0,0,0,0,0,0,1,1,0,0.00000,0,,117.20026,61.72042,0,
22,773f17.png,246,4.04004,156105409807,0.66058,0.82874,3.82715,0.21289,12,1,0.63115,0.87279,1,0.40677,0.11333,0,,0.40828,0.99504,12.27767,1.03286,0,0.73908,0.97713,11.84817,1.03286,1,0,0.00000,10,3.69179,0,3.29273,1,0.00000,0,0,0,0,0,0,1,1,0,0.00000,0,,333.05823,252.69824,0,
22,773f17.png,262,4.30273,156108036017,0.73030,0.82300,4.05664,0.24609,13,1,0.82342,0.72361,1,0.40677,0.11333,0,,0.40828,0.99504,12.27767,1.21515,0,0.73156,0.98277,12.22157,1.21515,1,0,0.00000,10,3.69179,0,3.37838,1,0.00000,0,0,0,0,0,0,1,1,0,0.00000,0,,134.03952,2.94558,0,
22,773f17.png,277,4.55078,156110514537,0.77987,0.73071,4.31934,0.23145,14,1,0.82947,0.59434,1,0.40677,0.11333,0,,0.40828,0.99504,12.27767,1.16461,0,0.72535,0.97404,11.21271,1.14764,1,0,0.00000,10,3.69179,0,3.27159,1,0.00000,0,0,0,0,0,0,1,1,0,0.00000,0,,146.02489,49.32498,0,
22,773f17.png,292,4.79590,156112968665,0.79577,0.75176,4.56641,0.22949,15,1,0.79518,0.85742,1,0.40677,0.11333,0,,0.40828,0.99504,12.27767,1.06307,0,0.71786,0.97679,11.38506,1.09363,1,0,0.00000,10,3.69179,0,3.04226,1,0.00000,0,0,0,0,0,0,1,1,0,0.00000,0,,39.62358,320.39450,0,
22,773f17.png,324,5.32227,156118226051,0.21947,0.55978,4.96094,0.36133,16,1,0.28684,0.56436,1,0.41198,0.11500,0,,0.40828,0.99504,12.27767,1.19837,0,0.66189,0.96841,11.57866,1.18140,1,0,0.00000,10,3.69179,0,3.23235,1,0.00000,0,0,0,0,0,0,1,1,0,0.00000,0,,1130.22424,168.23886,0,
22,773f17.png,341,5.60156,156121016762,0.20607,0.61303,5.33887,0.26270,17,1,0.26343,0.61614,1,0.41250,0.11583,0,,0.40828,0.99504,12.27767,1.08012,0,0.66372,0.97246,10.05142,1.08012,1,0,0.00000,10,3.69179,0,2.70461,1,0.00000,0,0,0,0,0,0,1,1,0,0.00000,0,,68.88499,248.06888,0,
22,773f17.png,358,5.88086,156123810442,0.23268,0.65997,5.61816,0.26270,18,1,0.13597,0.53827,1,0.41406,0.11583,0,,0.40828,0.99504,12.27767,1.08012,0,0.66268,0.97888,10.28022,1.08012,1,0,0.00000,10,3.69179,0,3.10476,1,0.00000,0,0,0,0,0,0,1,1,0,0.00000,0,,76.04698,312.20898,0,
22,773f17.png,377,6.19336,156126935146,0.13936,0.63378,5.89746,0.29590,19,1,0.22793,0.71017,1,0.41406,0.11583,0,,0.40828,0.99504,12.27767,1.06342,0,0.64495,0.97577,11.58763,1.03286,1,0,0.00000,10,3.69179,0,3.21191,1,0.00000,0,0,0,0,0,0,1,1,0,0.00000,0,,181.90981,170.05127,0,
22,773f17.png,401,6.58691,156130875687,0.18417,0.69830,6.20898,0.37793,20,1,0.20369,0.78556,1,0.41510,0.11667,0,,0.40828,0.99504,12.27767,1.08012,0,0.62503,0.98177,11.87687,1.08012,1,0,0.00000,10,3.69179,0,3.12574,1,0.00000,0,0,0,0,0,0,1,1,0,0.00000,0,,115.74339,318.01563,0,
22,773f17.png,420,6.89941,156133995287,0.20349,0.72153,6.65332,0.24609,21,1,0.14077,0.69514,1,0.41510,0.11667,0,,0.40828,0.99504,12.27767,1.08012,0,0.62773,0.98870,9.22727,1.08012,1,0,0.00000,10,3.69179,0,3.41655,1,0.00000,0,0,0,0,0,0,1,1,0,0.00000,0,,46.40114,323.07562,0,
22,773f17.png,428,7.03027,156135307315,0.10760,0.62729,6.96484,0.06543,22,1,0.10880,0.63659,1,0.41510,0.11667,0,,0.40828,0.99504,12.27767,1.08012,0,0.62668,0.98922,9.21284,1.08012,1,0,0.00000,10,3.69179,0,2.87959,1,0.00000,0,0,0,0,0,0,1,1,0,0.00000,0,,216.06699,148.43987,0,
4,e624e7.jpg,10,0.16406,156137116841,0.11023,0.54835,0.00000,0.16406,1,1,0.14252,0.48265,1,0.41615,0.11667,0,,0.40828,0.99504,12.27767,1.16461,0,0.62876,0.98989,8.64774,1.14764,1,0,0.00000,10,3.69179,0,2.90811,1,0.00000,0,0,0,0,0,0,1,1,0,0.00000,0,,94.86252,86.94868,0,
4,e624e7.jpg,28,0.45996,156140075785,0.17891,0.52528,0.18066,0.27930,2,1,0.37056,0.24548,1,0.41615,0.11667,0,,0.40828,0.99504,12.27767,1.16461,0,0.63445,0.98227,8.88823,1.14764,1,0,0.00000,10,3.69179,0,2.48609,1,0.00000,0,0,0,0,0,0,1,1,0,0.00000,0,,134.74026,11.85653,0,
4,e624e7.jpg,44,0.72266,156142703791,0.51784,0.14594,0.52539,0.19727,3,1,0.57539,-0.06818,1,0.41667,0.11667,0,,0.40828,0.99504,12.27767,1.16442,0,0.64484,0.95680,11.08860,1.18139,1,0,0.00000,10,3.69179,0,3.28137,1,0.00000,0,0,0,0,0,0,1,1,0,0.00000,0,,794.15631,34.97346,0,
4,e624e7.jpg,63,1.03516,156145825079,0.49141,-0.05592,0.78906,0.24609,4,1,0.41925,-0.00439,1,0.41771,0.11750,0,,0.40828,0.99504,12.27767,1.05312,0,0.64425,0.93948,11.15914,1.05312,1,0,0.00000,10,3.69179,0,3.22593,1,0.00000,0,0,0,0,0,0,1,1,0,0.00000,0,,247.49034,101.83189,0,
4,e624e7.jpg,80,1.31445,156148618316,0.41815,-0.02516,1.05176,0.26270,5,1,0.40822,0.05108,1,0.41771,0.11750,0,,0.40828,0.99504,12.27767,1.08012,0,0.64328,0.94281,10.57812,1.08012,1,0,0.00000,10,3.69179,0,3.23493,1,0.00000,0,0,0,0,0,0,1,1,0,0.00000,0,,145.42180,194.70409,0,
4,e624e7.jpg,99,1.62598,156151738970,0.40133,0.04336,1.33203,0.29395,6,1,0.40489,0.06819,1,0.41771,0.11750,0,,0.40828,0.99504,12.27767,1.08332,0,0.64594,0.93843,11.19082,1.11388,1,0,0.00000,10,3.69179,0,3.16063,1,0.00000,0,0,0,0,0,0,1,1,0,0.00000,0,,88.33865,248.55701,0,
4,e624e7.jpg,116,1.90625,156154532500,0.42111,0.15475,1.64258,0.26367,7,1,0.56180,-0.06757,1,0.41771,0.11750,0,,0.40828,0.99504,12.27767,1.12383,0,0.68306,0.94052,10.09057,1.15439,1,0,0.00000,10,3.69179,0,3.05983,1,0.00000,0,0,0,0,0,0,1,1,0,0.00000,0,,138.95840,285.86084,0,
4,e624e7.jpg,145,2.38281,156159302103,0.56818,0.05579,2.07031,0.31250,8,1,0.56927,0.04601,0,0.41771,0.11750,0,,0.40828,0.99504,12.27767,1.08012,0,0.67546,0.94305,9.35231,1.08012,0,1119,0.00000,10,3.69179,0,3.22006,0,0.00000,0,0,0,0,0,0,1,1,0,0.00000,0,,306.32886,22.80909,0,
4,e624e7.jpg,185,3.03906,156165868544,0.53709,0.39268,2.54688,0.49219,9,1,0.53415,0.47794,1,0.41771,0.11750,0,,0.67067,0.95898,10.46590,1.05662,1,0.67546,0.94305,9.35231,1.05662,0,0,0.00000,11,2.92810,1,3.22006,0,0.00000,0,0,0,0,0,0,1,1,0,0.00000,0,,408.65125,261.60059,0,
4,e624e7.jpg,198,3.25293,156168004502,0.48337,0.60052,3.05566,0.19727,10,1,0.46952,0.94408,1,0.41771,0.11750,0,,0.66662,0.96276,10.31917,1.08012,1,0.67546,0.94305,9.35231,1.08012,0,0,0.00000,11,3.02090,1,3.22006,0,0.00000,0,0,0,0,0,0,1,1,0,0.00000,0,,269.89389,247.53253,0,
4,e624e7.jpg,218,3.58105,156171288721,0.40861,0.57583,3.26953,0.31152,11,1,0.40401,0.62588,1,0.41771,0.11750,0,,0.66465,0.96937,9.09054,1.13047,1,0.67546,0.94305,9.35231,1.13047,0,0,0.00000,11,2.71550,1,3.22006,0,0.00000,0,0,0,0,0,0,1,1,0,0.00000,0,,146.56512,168.33733,0,
4,e624e7.jpg,232,3.81152,156173588869,0.40476,0.73988,3.59766,0.21387,12,1,0.41649,0.98646,1,0.41875,0.11750,0,,0.66500,0.97173,7.73261,1.08012,1,0.67546,0.94305,9.35231,1.08012,0,0,0.00000,11,2.75854,1,3.22006,0,0.00000,0,0,0,0,0,0,1,1,0,0.00000,0,,196.99878,267.84958,0,
4,e624e7.jpg,261,4.28809,156178356478,0.47252,1.07484,4.07422,0.21387,13,1,0.45195,1.03537,1,0.41875,0.11750,0,,0.65145,0.98086,9.48242,1.09690,1,0.67546,0.94305,9.35231,1.09690,0,0,0.00000,11,2.83469,1,3.22006,0,0.00000,0,0,0,0,0,0,1,1,0,0.00000,0,,422.48215,287.93512,0,
4,e624e7.jpg,280,4.60059,156181476296,0.47022,1.10176,4.30469,0.29590,14,1,0.54328,1.02056,1,0.41875,0.11750,0,,0.66352,0.98120,10.28737,1.08012,1,0.67546,0.94305,9.35231,1.08012,0,0,0.00000,11,2.67676,1,3.22006,0,0.00000,0,0,0,0,0,0,1,1,0,0.00000,0,,32.60452,262.21582,0,
4,e624e7.jpg,288,4.73242,156182795265,0.53706,0.86777,4.66602,0.06641,15,1,0.53428,0.95894,1,0.41875,0.11750,0,,0.66763,0.98139,9.76313,1.09690,1,0.67546,0.94305,9.35231,1.09690,0,0,0.00000,11,2.96834,1,3.22006,0,0.00000,0,0,0,0,0,0,1,1,0,0.00000,0,,308.72525,65.43745,0,
4,e624e7.jpg,303,4.97754,156185254654,0.61821,0.87214,4.74805,0.22949,16,1,0.65836,0.91706,1,0.41875,0.11750,0,,0.68070,0.98057,10.34740,1.13047,1,0.67546,0.94305,9.35231,1.13047,0,0,0.00000,11,2.78264,1,3.22006,0,0.00000,0,0,0,0,0,0,1,1,0,0.00000,0,,155.89621,358.07233,0,
4,e624e7.jpg,316,5.19141,156187391210,0.69110,0.67643,4.99414,0.19727,17,1,0.67559,-0.00624,1,0.41875,0.11750,0,,0.68001,0.94700,10.05813,1.11368,1,0.67546,0.94305,9.35231,1.11368,0,0,0.00000,11,3.64954,1,3.22006,0,0.00000,0,0,0,0,0,0,1,1,0,0.00000,0,,273.38818,59.20921,0,
4,e624e7.jpg,335,5.50391,156190512554,0.60049,-0.02467,5.25781,0.24609,18,1,0.49893,0.01420,1,0.41875,0.11750,0,,0.67590,0.94630,11.10152,1.05662,1,0.67546,0.94305,9.35231,1.05662,0,0,0.00000,11,3.31181,1,3.22006,0,0.00000,0,0,0,0,0,0,1,1,0,0.00000,0,,859.11896,101.68317,0,
4,e624e7.jpg,352,5.78320,156193304148,0.58709,-0.04600,5.56934,0.21387,19,1,0.65254,0.01876,1,0.41875,0.11750,0,,0.68237,0.94672,10.30445,1.08012,1,0.67546,0.94305,9.35231,1.08012,0,0,0.00000,11,3.60358,1,3.22006,0,0.00000,0,0,0,0,0,0,1,1,0,0.00000,0,,36.29160,135.14725,0,
4,e624e7.jpg,374,6.14453,156196919991,0.68783,-0.04320,5.79980,0.34473,20,1,0.44874,-0.11572,1,0.41875,0.11750,0,,0.67813,0.94212,9.62943,1.11704,1,0.67546,0.94305,9.35231,1.11704,0,0,0.00000,11,3.28931,1,3.22006,0,0.00000,0,0,0,0,0,0,1,1,0,0.00000,0,,193.44984,359.00479,0,
4,e624e7.jpg,404,6.63672,156201845880,0.41186,-0.05576,6.25977,0.37695,21,1,0.40437,0.03420,1,0.41875,0.11750,0,,0.67602,0.94658,10.72568,1.03984,1,0.67546,0.94305,9.35231,1.03984,0,0,0.00000,11,3.41278,1,3.22006,0,0.00000,0,0,0,0,0,0,1,1,0,0.00000,0,,530.07666,178.37065,0,
4,e624e7.jpg,425,6.98242,156205297852,0.40175,-0.05586,6.65332,0.32910,22,1,0.43669,0.05583,1,0.41875,0.11750,0,,0.67220,0.94754,10.62157,1.03984,1,0.67546,0.94305,9.35231,1.03984,0,0,0.00000,11,3.55495,1,3.22006,0,0.00000,0,0,0,0,0,0,1,1,0,0.00000,0,,19.41156,179.64580,0,
27,76b63f.png,22,0.36035,156209404700,0.47567,0.08108,0.01563,0.34473,2,1,0.56253,0.28393,1,0.41875,0.11750,0,,0.68158,0.95485,10.86635,1.08012,1,0.67546,0.94305,9.35231,1.08012,0,0,0.00000,11,2.99748,1,3.22006,0,0.00000,0,0,0,0,0,0,1,1,0,0.00000,0,,217.13316,310.81644,0,
27,76b63f.png,39,0.63965,156212196746,0.52251,0.27997,0.42676,0.21289,3,1,0.41122,0.27649,1,0.41875,0.11750,0,,0.68006,0.95362,11.17503,1.08012,1,0.67546,0.94305,9.35231,1.08012,0,0,0.00000,11,3.07777,1,3.22006,0,0.00000,0,0,0,0,0,0,1,1,0,0.00000,0,,255.04962,290.64697,0,
27,76b63f.png,55,0.90332,156214826273,0.29205,0.24056,0.70605,0.19727,4,1,0.16603,0.02971,1,0.41875,0.11750,0,,0.67226,0.94818,11.94583,1.09690,1,0.67546,0.94305,9.35231,1.09690,0,0,0.00000,11,3.37818,1,3.22006,0,0.00000,0,0,0,0,0,0,1,1,0,0.00000,0,,445.00323,173.89946,0,
27,76b63f.png,87,1.42871,156220085233,0.16709,0.02049,0.96973,0.45898,5,1,0.27759,0.00678,1,0.41875,0.11750,0,,0.67444,0.95110,10.19576,1.06669,1,0.67546,0.94305,9.35231,1.06669,0,0,0.00000,11,3.48403,1,3.22006,0,0.00000,0,0,0,0,0,0,1,1,0,0.00000,0,,356.79617,132.25549,0,
27,76b63f.png,108,1.77344,156223534344,0.25839,0.02439,1.44531,0.32813,6,1,0.36774,0.11314,1,0.41875,0.11750,0,,0.68306,0.95125,8.86124,1.08012,1,0.67546,0.94305,9.35231,1.08012,0,0,0.00000,11,3.44901,1,3.22006,0,0.00000,0,0,0,0,0,0,1,1,0,0.00000,0,,175.35849,358.47070,0,
27,76b63f.png,123,2.01953,156225996614,0.36049,-0.04044,1.79004,0.22949,7,1,0.37709,0.03268,1,0.41875,0.11750,0,,0.68261,0.95271,9.17234,1.05662,1,0.67546,0.94305,9.35231,1.05662,0,0,0.00000,11,3.17653,1,3.22006,0,0.00000,0,0,0,0,0,0,1,1,0,0.00000,0,,210.90462,21.64583,0,
27,76b63f.png,142,2.33203,156229117488,0.40658,0.00294,2.08594,0.24609,8,1,0.47394,0.04009,1,0.41875,0.11750,0,,0.68902,0.95707,9.06901,1.05662,1,0.67546,0.94305,9.35231,1.05662,0,0,0.00000,11,3.17105,1,3.22006,0,0.00000,0,0,0,0,0,0,1,1,0,0.00000,0,,102.66841,329.53378,0,
27,76b63f.png,167,2.74316,156233232913,0.49116,-0.00370,2.34863,0.39453,9,1,0.74126,0.11083,0,0.41875,0.11750,0,,0.70877,0.95785,7.48075,1.14725,0,0.67546,0.94305,9.35231,1.14725,0,1120,0.00000,11,2.21469,0,3.22006,0,0.00000,0,0,0,0,0,0,1,1,0,0.00000,0,,162.58897,2.80902,0,
27,76b63f.png,192,3.15332,156237333673,0.76432,0.22405,2.90723,0.24609,10,1,0.79728,0.27452,1,0.41875,0.11750,0,,0.72056,0.96559,7.74974,1.03984,1,0.67546,0.94305,9.35231,1.03984,0,0,0.00000,12,2.98093,1,3.22006,0,0.00000,0,0,0,0,0,0,1,1,0,0.00000,0,,591.40399,332.47595,0,
27,76b63f.png,208,3.41699,156239964001,0.77206,0.26215,3.16992,0.24707,11,1,0.74956,0.27588,0,0.41875,0.11750,0,,0.71900,0.96569,7.76891,1.08012,0,0.67546,0.94305,9.35231,1.08012,0,1121,0.00000,12,3.00565,0,3.22006,0,0.00000,0,0,0,0,0,0,1,1,0,0.00000,0,,48.07452,288.00610,0,
27,76b63f.png,246,4.04102,156246204845,0.76234,0.72683,3.82715,0.21387,12,1,0.91645,0.81664,1,0.41875,0.11750,0,,0.71685,0.98215,8.01153,1.08012,1,0.67546,0.94305,9.35231,1.08012,0,0,0.00000,13,2.69560,1,3.22006,0,0.00000,0,0,0,0,0,0,1,1,0,0.00000,0,,557.92816,268.08313,0,
27,76b63f.png,263,4.32031,156248995857,0.78567,0.78974,4.10645,0.21387,13,1,0.50310,1.14458,1,0.41875,0.11750,0,,0.70977,0.98814,8.88512,1.08012,1,0.67546,0.94305,9.35231,1.08012,0,0,0.00000,13,2.91853,1,3.22006,0,0.00000,0,0,0,0,0,0,1,1,0,0.00000,0,,87.78101,300.68292,0,
27,76b63f.png,280,4.59961,156251791011,0.56482,0.91142,4.38574,0.21387,14,1,0.51732,1.03619,1,0.41875,0.11750,0,,0.70349,0.98700,10.11033,1.08012,1,0.67546,0.94305,9.35231,1.08012,0,0,0.00000,13,3.18496,1,3.22006,0,0.00000,0,0,0,0,0,0,1,1,0,0.00000,0,,448.46826,199.00122,0,
27,76b63f.png,293,4.81348,156253928178,0.43415,0.85010,4.61621,0.19727,15,1,0.37365,0.75053,1,0.41875,0.11750,0,,0.68870,0.98086,9.81236,1.08012,1,0.67546,0.94305,9.35231,1.08012,0,0,0.00000,13,2.66556,1,3.22006,0,0.00000,0,0,0,0,0,0,1,1,0,0.00000,0,,261.45471,163.65379,0,
27,76b63f.png,311,5.10840,156256884247,0.51404,0.90036,4.92773,0.18066,16,1,0.95965,0.85958,0,0.41875,0.11750,0,,0.70328,0.98881,8.35991,1.14725,0,0.67546,0.94305,9.35231,1.14725,0,1122,0.00000,13,2.85669,0,3.22006,0,0.00000,0,0,0,0,0,0,1,1,0,0.00000,0,,164.82008,338.53540,0,
27,76b63f.png,343,5.63477,156262142513,1.01211,0.80685,5.42090,0.21387,17,1,1.01053,0.74303,0,0.41875,0.11750,0,,0.71646,0.99174,8.06583,1.02642,0,0.67546,0.94305,9.35231,1.02642,0,0,0.00000,14,3.30113,0,3.22006,0,0.00000,0,0,0,0,0,0,1,1,0,0.00000,0,,962.85541,6.69251,0,
27,76b63f.png,427,7.01465,156275940842,0.75540,0.68032,6.68555,0.32910,18,1,0.72407,0.70111,1,0.41979,0.11750,0,,0.70469,0.98903,9.15188,1.06669,1,0.67546,0.94305,9.35231,1.06669,0,0,0.00000,14,2.72190,1,3.22006,0,0.00000,0,0,0,0,0,0,1,1,0,0.00000,0,,515.74023,162.87819,0,
32,575851.png,4,0.06543,156276759850,0.75442,0.65864,0.00000,0.06543,1,1,0.74012,0.58592,1,0.41979,0.11750,0,,0.70447,0.98906,9.67819,1.11704,1,0.67546,0.94305,9.35231,1.11704,0,0,0.00000,14,2.74914,1,3.22006,0,0.00000,0,0,0,0,0,0,1,1,0,0.00000,0,,26.08395,94.13696,0,
32,575851.png,24,0.39355,156280047407,0.75727,0.58107,0.08105,0.31250,2,1,0.78098,0.52533,1,0.41979,0.11750,0,,0.70855,0.99034,8.34939,1.08012,1,0.67546,0.94305,9.35231,1.08012,0,0,0.00000,14,3.32689,1,3.22006,0,0.00000,0,0,0,0,0,0,1,1,0,0.00000,0,,93.24475,86.63568,0,
32,575851.png,39,0.64063,156282514922,0.76048,0.59282,0.41016,0.23047,3,1,0.77516,0.64023,0,0.41979,0.11750,0,,0.71156,0.98872,9.79935,1.08012,0,0.67546,0.94305,9.35231,1.08012,0,1123,0.00000,14,3.11504,0,3.22006,0,0.00000,0,0,0,0,0,0,1,1,0,0.00000,0,,15.38813,293.61050,0,
32,575851.png,84,1.37988,156289906008,0.49637,0.08925,1.00195,0.37793,4,1,0.44661,0.02787,1,0.41979,0.11750,0,,0.68032,0.96031,12.14896,1.08012,1,0.67546,0.94305,9.35231,1.08012,0,0,0.00000,14,3.41328,1,3.22006,0,0.00000,0,0,0,0,0,0,1,1,0,0.00000,0,,788.86035,130.00204,0,
32,575851.png,109,1.79004,156294014358,0.43492,0.02301,1.44531,0.34473,5,1,0.44296,0.07169,1,0.42031,0.11750,0,,0.68427,0.96026,10.32582,1.08012,1,0.67546,0.94305,9.35231,1.08012,0,0,0.00000,14,3.15924,1,3.22006,0,0.00000,0,0,0,0,0,0,1,1,0,0.00000,0,,142.26227,146.03111,0,
32,575851.png,139,2.28320,156298939456,0.41084,0.07852,1.80664,0.47656,6,1,0.52452,0.10276,1,0.42031,0.11750,0,,0.69006,0.96749,9.39361,1.13047,1,0.67546,0.94305,9.35231,1.13047,0,0,0.00000,14,3.06489,1,3.22006,0,0.00000,0,0,0,0,0,0,1,1,0,0.00000,0,,81.08458,235.23651,0,
32,575851.png,174,2.85840,156304691627,0.51593,0.11824,2.29980,0.55859,7,1,0.54271,0.26277,1,0.42031,0.11750,0,,0.67754,0.96851,8.39504,1.05327,1,0.67546,0.94305,9.35231,1.05327,0,0,0.00000,14,2.96613,1,3.22006,0,0.00000,0,0,0,0,0,0,1,1,0,0.00000,0,,207.32608,346.70889,0,
32,575851.png,195,3.20313,156308140283,0.51987,0.19212,2.87500,0.32813,8,1,0.38919,0.15544,1,0.42031,0.11750,0,,0.67955,0.97245,8.08977,1.11368,1,0.67546,0.94305,9.35231,1.11368,0,0,0.00000,14,2.50431,1,3.22006,0,0.00000,0,0,0,0,0,0,1,1,0,0.00000,0,,88.97816,274.87711,0,
32,575851.png,209,3.43359,156310441653,0.42415,0.32840,3.21973,0.21387,9,1,0.43287,0.42170,1,0.42031,0.11750,0,,0.68234,0.97529,7.89074,1.09690,1,0.67546,0.94305,9.35231,1.09690,0,0,0.00000,14,2.74670,1,3.22006,0,0.00000,0,0,0,0,0,0,1,1,0,0.00000,0,,246.00812,221.66379,0,
32,575851.png,237,3.89258,156315039905,0.51196,0.43179,3.59766,0.29492,10,1,0.49774,0.34950,1,0.42031,0.11750,0,,0.68243,0.97507,7.03738,1.11368,1,0.67546,0.94305,9.35231,1.11368,0,0,0.00000,14,2.53191,1,3.22006,0,0.00000,0,0,0,0,0,0,1,1,0,0.00000,0,,209.32568,323.65091,0,
32,575851.png,242,3.97559,156315867280,0.50383,0.33352,3.91016,0.06543,11,1,0.49784,0.31362,0,0.42031,0.11750,0,,0.68256,0.97508,7.00349,1.08012,0,0.67546,0.94305,9.35231,1.08012,0,1124,0.00000,14,2.57206,0,3.22006,0,0.00000,0,0,0,0,0,0,1,1,0,0.00000,0,,118.95264,97.54041,0,
3,6eb290.jpg,61,1.00195,156357592112,0.55769,0.40812,0.69043,0.31152,2,1,0.47510,0.03879,1,0.42031,0.11750,0,,0.66250,0.97453,10.42089,1.08012,1,0.67546,0.94305,9.35231,1.08012,0,0,0.00000,14,3.36272,1,3.22006,0,0.00000,0,0,0,0,0,0,1,1,0,0.00000,0,,136.77618,319.11826,0,
3,6eb290.jpg,86,1.41211,156361697915,0.43457,0.03571,1.16602,0.24609,3,1,0.42286,-0.05749,1,0.42031,0.11750,0,,0.66727,0.97701,10.63529,1.08012,1,0.67546,0.94305,9.35231,1.08012,0,0,0.00000,14,3.32755,1,3.22006,0,0.00000,0,0,0,0,0,0,1,1,0,0.00000,0,,505.56198,117.87729,0,
3,6eb290.jpg,112,1.83984,156365969661,0.42250,-0.04203,1.42871,0.41113,4,1,0.42484,0.00939,1,0.42031,0.11750,0,,0.66624,0.97663,9.73178,1.08012,1,0.67546,0.94305,9.35231,1.08012,0,0,0.00000,14,3.15351,1,3.22006,0,0.00000,0,0,0,0,0,0,1,1,0,0.00000,0,,96.12339,103.95091,0,
3,6eb290.jpg,137,2.25000,156370078860,0.41392,-0.05988,1.85645,0.39355,5,1,0.43253,0.05865,0,0.42031,0.11750,0,,0.66354,0.98052,9.61133,1.08012,0,0.67546,0.94305,9.35231,1.08012,0,1125,0.00000,14,3.00095,0,3.22006,0,0.00000,0,0,0,0,0,0,1,1,0,0.00000,0,,27.02216,127.56306,0,
3,6eb290.jpg,155,2.54688,156373040111,0.45531,0.62083,2.46387,0.08301,6,1,0.45449,0.59752,0,0.42031,0.11750,0,,0.66369,0.99066,6.93063,1.08012,0,0.67546,0.94305,9.35231,1.08012,0,0,0.00000,15,2.21680,0,3.22006,0,0.00000,0,0,0,0,0,0,1,1,0,0.00000,0,,820.70856,275.55664,0,
3,6eb290.jpg,182,2.99023,156377476349,0.55068,0.60536,2.71094,0.27930,7,1,0.53286,0.77614,0,0.42031,0.11750,0,,0.67468,0.98914,6.37760,1.08012,0,0.67546,0.94305,9.35231,1.08012,0,0,0.00000,15,2.29202,0,3.22006,0,0.00000,0,0,0,0,0,0,1,1,0,0.00000,0,,184.04897,5.78896,0,
10,e277d3.jpg,164,2.69434,156444827356,0.24001,0.07454,2.48145,0.21289,2,1,0.33206,0.17986,1,0.42083,0.11833,0,,0.66680,0.98622,8.75787,1.14725,1,0.67546,0.94305,9.35231,1.14725,0,0,0.00000,14,2.74970,1,3.22006,0,0.00000,0,0,0,0,0,0,1,1,0,0.00000,0,,872.66516,133.11952,0,
10,e277d3.jpg,182,2.99023,156447785018,0.34437,0.25281,2.75977,0.23047,3,1,0.34697,0.25770,1,0.42083,0.11833,0,,0.67016,0.98624,9.72963,1.03984,1,0.67546,0.94305,9.35231,1.03984,0,0,0.00000,14,2.68752,1,3.22006,0,0.00000,0,0,0,0,0,0,1,1,0,0.00000,0,,293.10770,313.12637,0,
10,e277d3.jpg,216,3.54883,156453370186,0.37197,0.29812,3.05566,0.49316,4,1,0.47397,0.20842,1,0.42083,0.11833,0,,0.67726,0.98472,9.14414,1.02642,1,0.67546,0.94305,9.35231,1.02642,0,0,0.00000,14,2.93298,1,3.22006,0,0.00000,0,0,0,0,0,0,1,1,0,0.00000,0,,75.92403,314.26358,0,
10,e277d3.jpg,240,3.94336,156457318838,0.50177,0.10805,3.61426,0.32910,5,1,0.63727,0.02143,1,0.42083,0.11833,0,,0.68828,0.97936,10.05567,1.06669,1,0.67546,0.94305,9.35231,1.06669,0,0,0.00000,14,3.17857,1,3.22006,0,0.00000,0,0,0,0,0,0,1,1,0,0.00000,0,,337.83273,42.46493,0,
10,e277d3.jpg,254,4.17285,156459614689,0.63798,0.01703,3.95898,0.21387,6,1,0.70008,-0.04867,1,0.42083,0.11833,0,,0.70788,0.97597,8.63003,1.08012,1,0.67546,0.94305,9.35231,1.08012,0,0,0.00000,14,3.38034,1,3.22006,0,0.00000,0,0,0,0,0,0,1,1,0,0.00000,0,,283.41534,22.66764,0,
10,e277d3.jpg,275,4.51758,156463061896,0.67658,0.00890,4.18848,0.32910,7,1,0.64532,0.06345,1,0.42083,0.11833,0,,0.71688,0.97757,9.10209,1.08012,1,0.67546,0.94305,9.35231,1.08012,0,0,0.00000,14,3.52229,1,3.22006,0,0.00000,0,0,0,0,0,0,1,1,0,0.00000,0,,74.75132,7.49922,0,
10,e277d3.jpg,299,4.91211,156467007678,0.64670,0.02691,4.53418,0.37793,8,1,0.84098,0.08397,1,0.42083,0.11833,0,,0.71730,0.97983,10.10235,1.13047,1,0.67546,0.94305,9.35231,1.13047,0,0,0.00000,14,3.97921,1,3.22006,0,0.00000,0,0,0,0,0,0,1,1,0,0.00000,0,,61.30529,200.64218,0,
10,e277d3.jpg,323,5.30664,156470949675,0.80115,0.02533,4.97754,0.32910,9,1,0.78368,0.09029,1,0.42083,0.11833,0,,0.71639,0.98285,11.72172,1.06669,1,0.67546,0.94305,9.35231,1.06669,0,0,0.00000,14,3.58292,1,3.22006,0,0.00000,0,0,0,0,0,0,1,1,0,0.00000,0,,296.55002,0.36632,0,
10,e277d3.jpg,339,5.56934,156473578816,0.84017,0.12718,5.32227,0.24707,10,1,0.82508,0.21976,1,0.42083,0.11833,0,,0.71981,0.98336,9.83066,1.03984,1,0.67546,0.94305,9.35231,1.03984,0,0,0.00000,14,3.69626,1,3.22006,0,0.00000,0,0,0,0,0,0,1,1,0,0.00000,0,,143.35448,301.50748,0,
10,e277d3.jpg,352,5.78223,156475712981,0.75288,0.22754,5.58594,0.19629,11,1,0.32939,0.40770,1,0.42083,0.11833,0,,0.69717,0.98918,10.71061,1.05327,1,0.67546,0.94305,9.35231,1.05327,0,0,0.00000,14,2.86240,1,3.22006,0,0.00000,0,0,0,0,0,0,1,1,0,0.00000,0,,206.37975,215.70032,0,
10,e277d3.jpg,371,6.09473,156478835050,0.24284,0.39562,5.84863,0.24609,12,1,0.19375,0.43639,1,0.42083,0.11833,0,,0.69183,0.99130,10.91929,1.08012,1,0.67546,0.94305,9.35231,1.08012,0,0,0.00000,14,2.91408,1,3.22006,0,0.00000,0,0,0,0,0,0,1,1,0,0.00000,0,,999.83209,191.63812,0,
10,e277d3.jpg,391,6.42383,156482127416,0.21437,0.41787,6.11133,0.31250,13,1,0.30768,0.60687,0,0.42083,0.11833,0,,0.68988,0.99001,8.53708,1.14725,0,0.67546,0.94305,9.35231,1.14725,0,1126,0.00000,14,2.46374,0,3.22006,0,0.00000,0,0,0,0,0,0,1,1,0,0.00000,0,,60.83477,206.03329,0,
12,f9e25e.png,74,1.21582,156500357728,0.40711,0.07386,0.93750,0.27832,2,1,0.40469,0.05513,1,0.42083,0.11833,0,,0.69166,0.97942,10.35612,1.11368,1,0.67546,0.94305,9.35231,1.11368,0,0,0.00000,16,3.13180,1,3.22006,0,0.00000,0,0,0,0,0,0,1,1,0,0.00000,0,,554.39941,48.12571,0,
12,f9e25e.png,87,1.42969,156502492197,0.55590,0.02740,1.23242,0.19727,3,1,0.62076,0.00507,1,0.42083,0.11833,0,,0.69675,0.97832,8.76605,1.08012,1,0.67546,0.94305,9.35231,1.08012,0,0,0.00000,15,3.47296,1,3.22006,0,0.00000,0,0,0,0,0,0,1,1,0,0.00000,0,,291.06619,11.04291,0,
12,f9e25e.png,127,2.08691,156509066268,0.61672,0.06202,1.44531,0.64160,4,1,0.66134,0.17250,1,0.42083,0.11833,0,,0.70072,0.98428,6.98139,1.03984,1,0.67546,0.94305,9.35231,1.03984,0,0,0.00000,15,3.50588,1,3.22006,0,0.00000,0,0,0,0,0,0,1,1,0,0.00000,0,,123.94421,340.41632,0,
12,f9e25e.png,145,2.38281,156512028567,0.66118,0.08387,2.10254,0.28027,5,1,0.59142,0.13600,0,0.42083,0.11833,0,,0.69780,0.98519,8.10824,1.08012,0,0.67546,0.94305,9.35231,1.08012,0,1128,0.00000,15,3.71956,0,3.22006,0,0.00000,0,0,0,0,0,0,1,1,0,0.00000,0,,89.29926,342.92523,0,
12,f9e25e.png,316,5.19141,156540115565,0.35655,0.25612,5.10938,0.08203,6,1,0.36812,0.23625,0,0.42083,0.11833,0,,0.68743,0.98715,7.65206,1.14725,0,0.67546,0.94305,9.35231,1.14725,0,0,0.00000,16,2.63278,0,3.22006,0,0.00000,0,0,0,0,0,0,1,1,0,0.00000,0,,620.33917,199.46341,0,
21,5badb5.png,33,0.54199,157336745390,0.51399,0.30856,0.34473,0.19727,2,1,0.24507,0.04545,1,0.42083,0.11833,0,,0.63116,0.91979,14.03079,1.14725,1,0.67546,0.94305,9.35231,1.14725,0,0,0.00000,0,3.88918,1,3.22006,0,0.00000,0,0,0,0,0,0,1,1,0,0.00000,0,,308.76532,348.24042,0,
21,5badb5.png,50,0.82227,157339545888,0.26901,0.01965,0.60742,0.21484,3,1,0.40389,-0.15060,1,0.42083,0.11833,0,,0.27125,0.95379,13.20381,1.19818,1,0.58505,0.84430,9.69440,1.19818,1,0,0.00000,0,3.68073,1,3.00659,1,0.00000,0,0,0,0,0,0,1,1,0,0.00000,0,,584.32471,143.60698,0,
21,5badb5.png,70,1.15137,157342833948,0.46378,-0.06829,0.88770,0.26367,4,1,0.49148,-0.08763,1,0.42083,0.11833,0,,0.34113,0.96538,12.13390,1.09690,1,0.65940,0.87380,10.28448,1.09690,1,0,0.00000,0,4.12194,1,3.73825,1,0.00000,0,0,0,0,0,0,1,1,0,0.00000,0,,388.56274,15.75863,0,
21,5badb5.png,83,1.36328,157344956404,0.63606,-0.04838,1.16797,0.19531,5,1,0.85137,-0.04167,1,0.42083,0.11833,0,,0.40732,0.99520,11.58922,1.08012,0,0.74993,0.93549,11.81564,1.08012,1,0,0.00000,0,4.06413,0,4.49827,1,0.00000,0,0,0,0,0,0,1,1,0,0.00000,0,,331.63937,355.86871,0,
21,5badb5.png,108,1.77441,157349065399,0.89597,0.19900,1.47754,0.29688,6,1,0.82877,0.17347,1,0.42083,0.11833,0,,0.84098,0.93372,13.58732,0.97210,1,0.79733,0.95522,12.07410,0.97210,0,0,0.00000,0,4.27044,1,4.46913,0,0.00000,0,0,0,0,0,0,1,1,0,0.00000,0,,580.64752,329.25287,0,
21,5badb5.png,137,2.25098,157353835846,0.83507,0.05573,1.84082,0.41016,7,1,0.84755,0.21068,1,0.42083,0.11833,0,,0.49914,0.95936,14.14858,1.03938,1,0.81790,0.90875,12.59344,1.03938,1,0,0.00000,0,4.22570,1,4.23183,1,0.00000,0,0,0,0,0,0,1,1,0,0.00000,0,,207.91823,124.22016,0,
21,5badb5.png,159,2.61328,157357452546,0.86326,0.22663,2.26758,0.34570,8,1,0.91956,0.22620,1,0.42083,0.11833,0,,0.45367,0.98596,11.67799,1.03251,1,0.76888,0.92784,13.56770,1.03251,1,0,0.00000,0,4.31874,1,4.35772,1,0.00000,0,0,0,0,0,0,1,1,0,0.00000,0,,212.10205,284.78436,0,
21,5badb5.png,188,3.08984,157362218638,0.89262,0.24681,2.62891,0.46094,9,1,0.84599,0.28935,1,0.42083,0.11833,0,,0.43689,0.99692,12.70444,0.98568,1,0.75326,0.94498,14.43164,0.97210,1,0,0.00000,0,4.12300,1,4.29303,1,0.00000,0,0,0,0,0,0,1,1,0,0.00000,0,,61.35261,336.75259,0,
21,5badb5.png,212,3.48242,157366147686,0.89208,0.30898,3.10547,0.37695,10,1,0.96303,0.29497,1,0.42083,0.11833,0,,0.43689,0.99692,12.70444,1.05311,0,0.75066,0.96236,14.56095,1.05311,1,0,0.00000,0,4.12300,0,4.63703,1,0.00000,0,0,0,0,0,0,1,1,0,0.00000,0,,74.61121,269.20374,0,
21,5badb5.png,228,3.74512,157368777032,0.89456,0.39932,3.49902,0.24609,11,1,0.84338,0.46488,1,0.42083,0.11833,0,,0.43689,0.99692,12.70444,1.03969,0,0.75993,0.93781,14.99638,1.02611,1,0,0.00000,0,4.12300,0,4.14643,1,0.00000,0,0,0,0,0,0,1,1,0,0.00000,0,,108.51254,272.51498,0,
21,5badb5.png,256,4.20703,157373394418,0.82677,0.51200,3.81152,0.39551,12,1,0.86124,0.63063,1,0.42083,0.11833,0,,0.43920,0.98284,16.80141,1.08012,1,0.75840,0.93017,15.53672,1.08012,1,0,0.00000,0,4.70453,1,4.34935,1,0.00000,0,0,0,0,0,0,1,1,0,0.00000,0,,187.68097,226.09221,0,
21,5badb5.png,277,4.55176,157376838550,0.85404,0.60237,4.22266,0.32910,13,1,0.67707,0.51016,1,0.42083,0.11833,0,,0.44004,0.98439,16.52521,1.10331,1,0.76025,0.93505,15.83951,1.08973,1,0,0.00000,0,4.63681,1,4.30692,1,0.00000,0,0,0,0,0,0,1,1,0,0.00000,0,,120.42222,295.77194,0,
21,5badb5.png,296,4.86230,157379945912,0.71412,0.48262,4.61621,0.24609,14,1,0.89679,0.72448,1,0.42083,0.11833,0,,0.42198,0.99547,12.23836,1.18139,0,0.74059,0.94420,13.84153,1.18139,1,0,0.00000,0,4.03128,0,3.88312,1,0.00000,0,0,0,0,0,0,1,1,0,0.00000,0,,304.66479,151.85750,0,
21,5badb5.png,323,5.30566,157384384692,0.86782,0.74512,4.92773,0.37793,15,1,0.77291,0.78942,1,0.42083,0.11833,0,,0.42198,0.99547,12.23836,1.09690,0,0.74549,0.96678,14.36506,1.11388,1,0,0.00000,0,4.03128,0,3.90700,1,0.00000,0,0,0,0,0,0,1,1,0,0.00000,0,,431.63809,313.13220,0,
21,5badb5.png,335,5.50293,157386353332,0.56264,0.76571,5.37109,0.13184,16,1,0.56884,0.75045,0,0.42083,0.11833,0,,0.42198,0.99547,12.23836,1.21515,0,0.72160,0.95590,14.87065,1.21515,0,0,0.00000,0,4.03128,0,4.02781,0,0.00000,0,0,0,0,0,0,1,1,0,0.00000,0,,586.46643,182.41460,0,
21,5badb5.png,364,5.97949,157391118812,0.34928,0.45830,5.56836,0.41113,17,1,0.26367,0.35911,1,0.42083,0.11833,0,,0.36050,0.99649,12.69257,1.08012,0,0.65192,0.95543,13.51910,1.08012,1,0,0.00000,0,3.68728,0,3.78429,1,0.00000,0,0,0,0,0,0,1,1,0,0.00000,0,,551.26709,137.99689,0,
21,5badb5.png,385,6.32422,157394568463,0.30736,0.35770,5.99609,0.32813,18,1,0.31795,0.28051,1,0.42083,0.11833,0,,0.36050,0.99649,12.69257,1.16442,0,0.67848,0.97503,12.96643,1.18139,1,0,0.00000,0,3.68728,0,3.77236,1,0.00000,0,0,0,0,0,0,1,1,0,0.00000,0,,145.09099,123.69218,0,
21,5badb5.png,400,6.57031,157397032027,0.26762,0.39117,6.34082,0.22949,19,1,0.17851,0.29918,1,0.42083,0.11833,0,,0.36050,0.99649,12.69257,1.13085,0,0.66602,0.96826,14.89907,1.11388,1,0,0.00000,0,3.68728,0,4.14707,1,0.00000,0,0,0,0,0,0,1,1,0,0.00000,0,,86.22619,207.76189,0,
21,5badb5.png,416,6.83496,157399674617,0.15255,0.48021,6.58789,0.24707,20,1,0.12102,0.47363,1,0.42083,0.11833,0,,0.36050,0.99649,12.69257,1.06654,0,0.68672,0.97916,14.75011,1.08012,1,0,0.00000,0,3.68728,0,4.16193,1,0.00000,0,0,0,0,0,0,1,1,0,0.00000,0,,245.41496,205.80928,0,
21,5badb5.png,427,7.01465,157401468354,0.38397,0.69049,6.89941,0.11523,21,1,0.40406,0.75364,1,0.42083,0.11833,0,,0.36050,0.99649,12.69257,1.08012,0,0.70376,0.98931,10.77118,1.08012,1,0,0.00000,0,3.68728,0,3.89299,1,0.00000,0,0,0,0,0,0,1,1,0,0.00000,0,,510.97888,330.40747,0,
19,adf8ec.png,20,0.32813,157404919198,0.37736,0.65939,0.00000,0.32812,1,1,0.47224,0.55850,1,0.42083,0.11833,0,,0.36050,0.99649,12.69257,1.08012,0,0.70920,0.99364,13.97885,1.08012,1,0,0.00000,0,3.68728,0,3.90336,1,0.00000,0,0,0,0,0,0,1,1,0,0.00000,0,,39.41896,108.78133,0,
19,adf8ec.png,37,0.60742,157407708162,0.52767,0.44834,0.39355,0.21387,2,1,0.53679,0.33302,1,0.42083,0.11833,0,,0.36050,0.99649,12.69257,1.08012,0,0.71017,0.98194,13.04082,1.08012,1,0,0.00000,0,3.68728,0,3.54151,1,0.00000,0,0,0,0,0,0,1,1,0,0.00000,0,,383.96335,41.26892,0,
19,adf8ec.png,53,0.87012,157410342109,0.55396,0.41809,0.62402,0.24609,3,1,0.52979,0.70261,1,0.42083,0.11833,0,,0.36050,0.99649,12.69257,1.08012,0,0.71101,0.98963,11.56938,1.08012,1,0,0.00000,0,3.68728,0,3.87967,1,0.00000,0,0,0,0,0,0,1,1,0,0.00000,0,,62.17394,35.72152,0,
19,adf8ec.png,81,1.33008,157414941036,0.50629,0.70018,0.93555,0.39453,4,1,0.47140,0.71101,0,0.42083,0.11833,0,,0.36050,0.99649,12.69257,1.08012,0,0.69880,0.99741,14.77796,1.08012,1,0,0.00000,0,3.68728,0,4.15814,1,0.00000,0,0,0,0,0,0,1,1,0,0.00000,0,,350.66333,254.87004,0,
19,adf8ec.png,221,3.62988,157437938913,0.98293,0.55820,3.36719,0.26270,5,1,0.59628,0.47321,1,0.42083,0.11833,0,,0.70123,0.98285,12.17521,1.08012,1,0.69689,0.99969,13.91445,1.08012,0,0,0.00000,2,3.62645,1,4.03858,0,0.00000,0,0,0,0,0,0,1,1,0,0.00000,0,,930.87335,10.54619,0,
19,adf8ec.png,245,4.02441,157441883077,0.58435,0.42659,3.69629,0.32813,6,1,0.60622,0.34030,1,0.42083,0.11833,0,,0.69337,0.98044,12.08984,1.21515,1,0.69689,0.99969,13.91445,1.21515,0,0,0.00000,2,3.52721,1,4.03858,0,0.00000,0,0,0,0,0,0,1,1,0,0.00000,0,,781.40009,168.33939,0,
19,adf8ec.png,260,4.27148,157444349390,0.60762,0.42644,4.04102,0.23047,7,1,0.60666,0.33779,1,0.42083,0.11833,0,,0.69827,0.98355,13.32332,1.16442,1,0.69689,0.99969,13.91445,1.18139,0,0,0.00000,2,3.71667,1,4.03858,0,0.00000,0,0,0,0,0,0,1,1,0,0.00000,0,,44.67871,0.23082,0,
19,adf8ec.png,278,4.56738,157447307616,0.58925,0.45255,4.28809,0.27930,8,1,0.58718,0.50955,1,0.42083,0.11833,0,,0.69013,0.97432,13.69706,1.06342,1,0.69689,0.99969,13.91445,1.03286,0,0,0.00000,2,3.82411,1,4.03858,0,0.00000,0,0,0,0,0,0,1,1,0,0.00000,0,,47.17717,221.61598,0,
19,adf8ec.png,294,4.83008,157449937168,0.57576,0.47824,4.58301,0.24707,9,1,0.56890,0.44362,0,0.42083,0.11833,0,,0.69999,0.97876,13.62845,1.09710,0,0.69689,0.99969,13.91445,1.08012,0,1131,0.00000,2,3.83620,0,4.03858,0,0.00000,0,0,0,0,0,0,1,1,0,0.00000,0,,40.26439,229.96390,0,
19,adf8ec.png,334,5.48730,157456506977,0.59031,0.37172,5.14258,0.34473,10,1,0.54930,0.38910,1,0.42083,0.11833,0,,0.70071,0.98218,14.05614,1.16461,1,0.69689,0.99969,13.91445,1.14764,0,0,0.00000,3,3.76919,1,4.03858,0,0.00000,0,0,0,0,0,0,1,1,0,0.00000,0,,130.84109,77.67186,0,
19,adf8ec.png,352,5.78223,157459461569,0.57854,0.43935,5.50293,0.27930,11,1,0.58697,0.36246,1,0.42083,0.11833,0,,0.69719,0.98523,12.94440,1.21515,1,0.69689,0.99969,13.91445,1.21515,0,0,0.00000,3,3.66091,1,4.03858,0,0.00000,0,0,0,0,0,0,1,1,0,0.00000,0,,84.24360,254.43991,0,
19,adf8ec.png,374,6.14453,157463078074,0.57898,0.43195,5.79883,0.34570,12,1,0.61732,0.27723,1,0.42083,0.11833,0,,0.69287,0.98446,11.93341,1.21515,1,0.69689,0.99969,13.91445,1.21515,0,0,0.00000,3,3.30645,1,4.03858,0,0.00000,0,0,0,0,0,0,1,1,0,0.00000,0,,8.92009,84.56599,0,
19,adf8ec.png,399,6.55566,157467194899,0.58698,0.39518,6.16016,0.39551,13,1,0.63052,0.33870,1,0.42083,0.11833,0,,0.69126,0.98544,12.87664,1.21515,1,0.69689,0.99969,13.91445,1.21515,0,0,0.00000,3,3.65127,1,4.03858,0,0.00000,0,0,0,0,0,0,1,1,0,0.00000,0,,46.72110,70.80653,0,
19,adf8ec.png,415,6.81738,157469812205,0.58398,0.37586,6.57129,0.24609,14,1,0.60054,0.41508,1,0.42083,0.11833,0,,0.69108,0.98502,12.77530,1.08012,1,0.69689,0.99969,13.91445,1.08012,0,0,0.00000,3,3.55266,1,4.03858,0,0.00000,0,0,0,0,0,0,1,1,0,0.00000,0,,23.88875,103.95224,0,
19,adf8ec.png,427,7.01465,157471783943,0.56900,0.43005,6.83398,0.18066,15,1,0.59080,0.42310,1,0.42083,0.11833,0,,0.68803,0.98546,12.02073,1.08012,1,0.69689,0.99969,13.91445,1.08012,0,0,0.00000,3,3.71032,1,4.03858,0,0.00000,0,0,0,0,0,0,1,1,0,0.00000,0,,71.10468,246.14030,0,
31,bd7a8b.png,16,0.26270,157474576824,0.57895,0.41956,0.00000,0.26269,1,1,0.57481,0.34187,1,0.42083,0.11833,0,,0.68144,0.98549,13.03365,1.19818,1,0.69689,0.99969,13.91445,1.21515,0,0,0.00000,3,3.79384,1,4.03858,0,0.00000,0,0,0,0,0,0,1,1,0,0.00000,0,,22.87840,33.38169,0,
31,bd7a8b.png,40,0.65723,157478520054,0.47618,0.13110,0.42676,0.23047,2,1,0.47295,-0.01204,1,0.42083,0.11833,0,,0.68157,0.97443,12.34912,1.21515,1,0.69689,0.99969,13.91445,1.21515,0,0,0.00000,3,3.35073,1,4.03858,0,0.00000,0,0,0,0,0,0,1,1,0,0.00000,0,,398.44165,119.68462,0,
31,bd7a8b.png,59,0.96875,157481640215,0.58237,-0.07641,0.72266,0.24609,3,1,0.57562,0.04845,1,0.42083,0.11833,0,,0.69178,0.97978,10.69607,1.08012,1,0.69689,0.99969,13.91445,1.08012,0,0,0.00000,3,3.34991,1,4.03858,0,0.00000,0,0,0,0,0,0,1,1,0,0.00000,0,,321.83224,50.69024,0,
31,bd7a8b.png,87,1.42969,157486242328,0.55340,0.18722,1.03516,0.39453,4,1,0.52900,0.17014,1,0.42083,0.11833,0,,0.69165,0.98130,11.18683,1.13085,1,0.69689,0.99969,13.91445,1.11388,0,0,0.00000,3,3.30481,1,4.03858,0,0.00000,0,0,0,0,0,0,1,1,0,0.00000,0,,321.20862,260.02805,0,
31,bd7a8b.png,112,1.83984,157490347807,0.60198,0.16014,1.54395,0.29590,5,1,0.56358,0.19894,1,0.42083,0.11833,0,,0.69231,0.98445,9.68930,1.08012,1,0.69689,0.99969,13.91445,1.08012,0,0,0.00000,3,3.13182,1,4.03858,0,0.00000,0,0,0,0,0,0,1,1,0,0.00000,0,,98.77220,19.20807,0,
31,bd7a8b.png,130,2.13574,157493307212,0.60463,0.15871,1.85645,0.27930,6,1,0.60237,0.04805,1,0.42083,0.11833,0,,0.68410,0.98406,8.23112,1.21515,1,0.69689,0.99969,13.91445,1.21515,0,0,0.00000,3,3.23296,1,4.03858,0,0.00000,0,0,0,0,0,0,1,1,0,0.00000,0,,5.36971,18.63683,0,
31,bd7a8b.png,149,2.44727,157496425739,0.57551,0.09496,2.15234,0.29492,7,1,0.58940,0.11651,1,0.42083,0.11833,0,,0.67644,0.98349,7.57119,1.21515,1,0.69689,0.99969,13.91445,1.21515,0,0,0.00000,3,3.03273,1,4.03858,0,0.00000,0,0,0,0,0,0,1,1,0,0.00000,0,,94.75349,126.16138,0,
31,bd7a8b.png,163,2.67773,157498727325,0.58288,0.20082,2.46387,0.21387,8,1,0.57536,0.27811,1,0.42083,0.11833,0,,0.67710,0.98557,8.03380,1.09690,1,0.69689,0.99969,13.91445,1.11388,0,0,0.00000,3,3.22992,1,4.03858,0,0.00000,0,0,0,0,0,0,1,1,0,0.00000,0,,127.81769,276.35611,0,
31,bd7a8b.png,204,3.35156,157505461807,0.63987,0.16724,2.94141,0.41016,9,1,0.61016,0.18020,1,0.42083,0.11833,0,,0.67003,0.98572,9.26929,1.21515,1,0.69689,0.99969,13.91445,1.21515,0,0,0.00000,3,2.82628,1,4.03858,0,0.00000,0,0,0,0,0,0,1,1,0,0.00000,0,,116.60477,20.21706,0,
31,bd7a8b.png,223,3.66406,157508585960,0.62496,0.22717,3.36816,0.29590,10,1,0.63883,0.23037,1,0.42083,0.11833,0,,0.66907,0.98559,8.79422,1.08012,1,0.69689,0.99969,13.91445,1.08012,0,0,0.00000,3,2.88290,1,4.03858,0,0.00000,0,0,0,0,0,0,1,1,0,0.00000,0,,77.40433,248.29425,0,
31,bd7a8b.png,241,3.95898,157511541368,0.65187,0.21347,3.67969,0.27930,11,1,0.70398,0.16618,1,0.42083,0.11833,0,,0.67429,0.98690,9.07333,1.18139,1,0.69689,0.99969,13.91445,1.18139,0,0,0.00000,3,2.82858,1,4.03858,0,0.00000,0,0,0,0,0,0,1,1,0,0.00000,0,,54.21971,17.65055,0,
31,bd7a8b.png,265,4.35352,157515484534,0.66506,0.26985,3.97559,0.37793,12,1,0.63776,0.43674,1,0.42083,0.11833,0,,0.68090,0.98629,8.76496,1.08012,1,0.69689,0.99969,13.91445,1.08012,0,0,0.00000,3,3.05084,1,4.03858,0,0.00000,0,0,0,0,0,0,1,1,0,0.00000,0,,72.24038,290.52167,0,
31,bd7a8b.png,283,4.64941,157518440420,0.61410,0.26148,4.37012,0.27930,13,1,0.61554,0.28897,1,0.42083,0.11833,0,,0.68145,0.98760,8.91070,1.09710,1,0.69689,0.99969,13.91445,1.08012,0,0,0.00000,3,2.69590,1,4.03858,0,0.00000,0,0,0,0,0,0,1,1,0,0.00000,0,,98.35732,174.13890,0,
31,bd7a8b.png,302,4.96094,157521561958,0.52834,0.35314,4.76367,0.19727,14,1,0.45664,0.04752,1,0.42083,0.11833,0,,0.68061,0.98674,8.42831,1.16461,1,0.69689,0.99969,13.91445,1.14764,0,0,0.00000,3,2.54241,1,4.03858,0,0.00000,0,0,0,0,0,0,1,1,0,0.00000,0,,198.01744,213.74283,0,
31,bd7a8b.png,319,5.24121,157524358567,0.47784,0.22440,5.02734,0.21387,15,1,0.45504,0.20049,0,0.42083,0.11833,0,,0.68316,0.98812,9.04679,1.08012,0,0.69689,0.99969,13.91445,1.08012,0,1132,0.00000,3,2.66705,0,4.03858,0,0.00000,0,0,0,0,0,0,1,1,0,0.00000,0,,182.39458,122.11325,0,
1,07e9bb.jpg,135,2.21777,157634430031,0.40561,0.53929,2.06934,0.14844,2,1,0.52293,1.42829,0,0.42083,0.11833,0,,0.66766,0.97883,7.61107,1.08012,0,0.69689,0.99969,13.91445,1.08012,0,1133,0.00000,4,2.54544,0,4.03858,0,0.00000,0,0,0,0,0,0,1,1,0,0.00000,0,,402.51315,249.84631,0,
1,07e9bb.jpg,170,2.79297,157640180237,0.61874,0.51113,2.72754,0.06543,3,1,0.61874,0.51113,0,0.42083,0.11833,0,,0.67977,0.98963,6.00370,1.08012,0,0.69689,0.99969,13.91445,1.08012,0,0,0.00000,5,2.56220,0,4.03858,0,0.00000,0,0,0,0,0,0,1,1,0,0.00000,0,,410.60254,4.72071,0,
1,07e9bb.jpg,400,6.57129,157677966690,0.65213,0.06987,6.30859,0.26270,4,1,0.65150,0.09902,1,0.42083,0.11833,0,,0.69145,0.96037,8.19428,1.08012,1,0.69689,0.99969,13.91445,1.08012,0,0,0.00000,5,3.17481,1,4.03858,0,0.00000,0,0,0,0,0,0,1,1,0,0.00000,0,,533.37872,83.09672,0,
1,07e9bb.jpg,414,6.80176,157680270462,0.63013,0.03642,6.58789,0.21387,5,1,0.56534,0.03204,0,0.42083,0.11833,0,,0.67665,0.96413,7.50058,1.08012,0,0.69689,0.99969,13.91445,1.08012,0,1134,0.00000,5,3.29710,0,4.03858,0,0.00000,0,0,0,0,0,0,1,1,0,0.00000,0,,58.27037,136.46024,0,
1,07e9bb.jpg,427,7.01465,157682400890,0.57934,0.01643,6.96582,0.04883,6,1,0.56848,0.04373,1,0.42083,0.11833,0,,0.65679,0.96342,9.25395,1.08012,1,0.69689,0.99969,13.91445,1.08012,0,0,0.00000,6,3.17558,1,4.03858,0,0.00000,0,0,0,0,0,0,1,1,0,0.00000,0,,100.42390,166.18030,0,
35,862f3a.png,14,0.22949,157684863435,0.56643,0.00390,0.00000,0.22949,1,1,0.55362,-0.15143,1,0.42083,0.11833,0,,0.66043,0.96357,10.24255,1.12383,1,0.69689,0.99969,13.91445,1.15439,0,0,0.00000,6,3.62549,1,4.03858,0,0.00000,0,0,0,0,0,0,1,1,0,0.00000,0,,28.99117,148.75890,0,
35,862f3a.png,29,0.47656,157687329025,0.53169,0.00840,0.24609,0.23047,2,1,0.51263,0.06441,1,0.42083,0.11833,0,,0.66934,0.96708,10.92537,1.21515,1,0.69689,0.99969,13.91445,1.21515,0,0,0.00000,6,3.31711,1,4.03858,0,0.00000,0,0,0,0,0,0,1,1,0,0.00000,0,,66.91898,184.62848,0,
35,862f3a.png,42,0.68945,157689463089,0.38924,0.02494,0.49219,0.19727,3,1,0.21084,0.05386,1,0.42083,0.11833,0,,0.65545,0.96503,12.43029,1.09709,1,0.69689,0.99969,13.91445,1.08012,0,0,0.00000,6,3.84972,1,4.03858,0,0.00000,0,0,0,0,0,0,1,1,0,0.00000,0,,274.22321,184.15065,0,
35,862f3a.png,62,1.01855,157692750654,0.21014,-0.01374,0.75586,0.26270,4,1,0.22064,-0.07607,1,0.42083,0.11833,0,,0.61805,0.96119,13.01445,1.16442,1,0.69689,0.99969,13.91445,1.18139,0,0,0.00000,6,3.95397,1,4.03858,0,0.00000,0,0,0,0,0,0,1,1,0,0.00000,0,,346.99051,172.31265,0,
35,862f3a.png,77,1.26465,157695214218,0.23816,0.04969,1.03516,0.22949,5,1,0.35015,0.43369,1,0.42083,0.11833,0,,0.61729,0.96920,13.73058,1.08012,1,0.69689,0.99969,13.91445,1.08012,0,0,0.00000,6,3.71227,1,4.03858,0,0.00000,0,0,0,0,0,0,1,1,0,0.00000,0,,93.20898,305.25247,0,
35,862f3a.png,96,1.57715,157698334850,0.29812,0.17359,1.33105,0.24609,6,1,0.29511,0.04101,1,0.42083,0.11833,0,,0.62494,0.97039,14.24261,1.21515,1,0.69689,0.99969,13.91445,1.21515,0,0,0.00000,6,4.20060,1,4.03858,0,0.00000,0,0,0,0,0,0,1,1,0,0.00000,0,,188.04012,307.75067,0,
35,862f3a.png,115,1.88965,157701456608,0.28598,0.21427,1.59375,0.29590,7,1,0.25970,0.20129,1,0.42083,0.11833,0,,0.62575,0.97679,13.95896,1.08012,1,0.69689,0.99969,13.91445,1.08012,0,0,0.00000,6,3.93933,1,4.03858,0,0.00000,0,0,0,0,0,0,1,1,0,0.00000,0,,54.09532,244.47629,0,
35,862f3a.png,134,2.20117,157704577755,0.26590,0.22364,1.90527,0.29590,8,1,0.26324,0.20017,1,0.42083,0.11833,0,,0.62128,0.97713,15.24660,1.12383,1,0.69689,0.99969,13.91445,1.15439,0,0,0.00000,6,4.28353,1,4.03858,0,0.00000,0,0,0,0,0,0,1,1,0,0.00000,0,,40.15973,196.25911,0,
35,862f3a.png,153,2.51367,157707699283,0.34381,0.53812,2.31641,0.19727,9,1,0.42669,0.63956,0,0.42083,0.11833,0,,0.62561,0.99562,14.99065,1.21515,1,0.69689,0.99969,13.91445,1.21515,0,0,0.00000,6,4.20287,1,4.03858,0,0.00000,0,0,0,0,0,0,1,1,0,0.00000,0,,405.94205,291.62277,0,
35,862f3a.png,198,3.25293,157715093332,0.76220,0.24046,2.92480,0.32813,10,1,0.78823,0.26113,1,0.42083,0.11833,0,,0.66210,0.98138,15.62260,1.08012,1,0.69689,0.99969,13.91445,1.08012,0,0,0.00000,6,4.12077,1,4.03858,0,0.00000,0,0,0,0,0,0,1,1,0,0.00000,0,,879.14227,23.97237,0,
35,862f3a.png,212,3.48340,157717394139,0.80395,0.16501,3.26953,0.21387,11,1,0.83004,0.18111,1,0.42083,0.11833,0,,0.66764,0.98310,15.53583,1.13085,1,0.69689,0.99969,13.91445,1.11388,0,0,0.00000,6,4.62910,1,4.03858,0,0.00000,0,0,0,0,0,0,1,1,0,0.00000,0,,120.92609,48.47977,0,
35,862f3a.png,228,3.74512,157720020274,0.79698,0.18433,3.49902,0.24609,12,1,0.80677,0.26353,0,0.42083,0.11833,0,,0.67201,0.99147,15.52399,0.97209,1,0.69689,0.99969,13.91445,0.97209,0,0,0.00000,6,4.31097,1,4.03858,0,0.00000,0,0,0,0,0,0,1,1,0,0.00000,0,,26.76909,240.00549,0,
28,00b8f8.png,322,5.29004,157875765135,0.11106,-0.00485,5.05957,0.23047,2,1,0.11989,0.11131,1,0.42083,0.11833,0,,0.67003,0.98341,10.96745,1.03286,1,0.69689,0.99969,13.91445,1.03286,0,0,0.00000,9,3.47209,1,4.03858,0,0.00000,0,0,0,0,0,0,1,1,0,0.00000,0,,1336.38953,170.21959,0,
28,00b8f8.png,345,5.66797,157879542888,0.05880,-0.05598,5.35547,0.31250,3,1,0.05783,-0.17052,1,0.42083,0.11833,0,,0.66457,0.98142,11.17242,1.21515,1,0.69689,0.99969,13.91445,1.21515,0,0,0.00000,9,3.78502,1,4.03858,0,0.00000,0,0,0,0,0,0,1,1,0,0.00000,0,,117.61171,148.55479,0,
28,00b8f8.png,359,5.89746,157881843782,0.16710,-0.05160,5.68457,0.21289,4,1,0.61919,-0.03017,1,0.42083,0.11833,0,,0.68249,0.97542,8.88566,1.13066,1,0.69689,0.99969,13.91445,1.14763,0,0,0.00000,9,2.60641,1,4.03858,0,0.00000,0,0,0,0,0,0,1,1,0,0.00000,0,,208.00243,358.55203,0,
28,00b8f8.png,379,6.22656,157885129279,0.80466,0.12011,6.01270,0.21387,5,1,0.82705,0.16079,1,0.42083,0.11833,0,,0.69396,0.98090,9.70931,0.99910,1,0.69689,0.99969,13.91445,0.99910,0,0,0.00000,9,3.79472,1,4.03858,0,0.00000,0,0,0,0,0,0,1,1,0,0.00000,0,,1241.33618,350.44513,0,
28,00b8f8.png,396,6.50586,157887924004,0.84084,0.14469,6.24316,0.26270,6,1,0.82741,0.15000,1,0.42083,0.11833,0,,0.69493,0.97908,9.35623,0.97209,1,0.69689,0.99969,13.91445,0.97209,0,0,0.00000,9,3.69987,1,4.03858,0,0.00000,0,0,0,0,0,0,1,1,0,0.00000,0,,75.46829,336.99326,0,
28,00b8f8.png,413,6.78418,157890713421,0.83061,0.19058,6.57129,0.21289,7,1,0.86040,0.22866,1,0.42083,0.11833,0,,0.69201,0.98627,8.07613,1.16461,1,0.69689,0.99969,13.91445,1.14763,0,0,0.00000,9,3.33604,1,4.03858,0,0.00000,0,0,0,0,0,0,1,1,0,0.00000,0,,58.46603,250.36975,0,
28,00b8f8.png,427,7.01465,157893015057,0.84665,0.27668,6.80078,0.21387,8,1,0.81905,0.41060,1,0.42083,0.11833,0,,0.69888,0.98927,8.73629,0.99910,1,0.69689,0.99969,13.91445,0.99910,0,0,0.00000,9,2.84537,1,4.03858,0,0.00000,0,0,0,0,0,0,1,1,0,0.00000,0,,107.81219,286.59790,0,
17,db81dc.png,1,0.01660,157893344088,0.84330,0.29511,0.00000,0.01660,1,1,0.85949,0.42963,1,0.42083,0.11833,0,,0.70165,0.98969,8.72987,1.03953,1,0.69689,0.99969,13.91445,1.05311,0,0,0.00000,9,2.86660,1,4.03858,0,0.00000,0,0,0,0,0,0,1,1,0,0.00000,0,,23.03233,253.78397,0,
17,db81dc.png,20,0.32813,157896465326,0.84443,0.20730,0.03320,0.29492,2,1,0.88299,0.20740,1,0.42083,0.11833,0,,0.70308,0.98747,8.25624,1.11388,1,0.69689,0.99969,13.91445,1.11388,0,0,0.00000,9,2.97792,1,4.03858,0,0.00000,0,0,0,0,0,0,1,1,0,0.00000,0,,105.39431,88.82040,0,
17,db81dc.png,35,0.57520,157898935876,0.85149,0.17947,0.34570,0.22949,3,1,0.87237,0.16912,0,0.42083,0.11833,0,,0.70092,0.98797,7.33564,1.21515,0,0.69689,0.99969,13.91445,1.21515,0,1138,0.00000,9,3.19883,0,4.03858,0,0.00000,0,0,0,0,0,0,1,1,0,0.00000,0,,36.04215,67.90816,0,
29,3dbc95.png,25,0.41016,158108065558,0.61343,0.38135,0.16406,0.24609,2,1,0.52965,0.50500,1,0.42083,0.11833,0,,0.58293,0.93197,6.66282,1.16461,1,0.69689,0.99969,13.91445,1.14763,0,0,0.00000,10,2.54379,1,4.03858,0,0.00000,0,0,0,0,0,0,1,1,0,0.00000,0,,517.30621,207.92419,0,
29,3dbc95.png,59,0.96973,158113656913,0.42124,0.00719,0.87109,0.09863,3,1,0.45310,-0.04442,0,0.42083,0.11833,0,,0.56907,0.92298,7.14325,1.21515,0,0.69689,0.99969,13.91445,1.21515,0,0,0.00000,11,2.80361,0,4.03858,0,0.00000,0,0,0,0,0,0,1,1,0,0.00000,0,,581.16986,129.41513,0,
29,3dbc95.png,75,1.23242,158116286135,0.40594,-0.12106,1.13379,0.09863,4,1,0.40247,-0.08123,0,0.42083,0.11833,0,,0.56042,0.91845,6.84055,1.21515,0,0.69689,0.99969,13.91445,1.21515,0,0,0.00000,11,2.79450,0,4.03858,0,0.00000,0,0,0,0,0,0,1,1,0,0.00000,0,,156.67854,100.80648,0,
29,3dbc95.png,102,1.67578,158120716048,0.45275,-0.06723,1.44531,0.23047,5,1,0.27101,0.10384,1,0.42083,0.11833,0,,0.55372,0.92369,8.04973,1.09709,1,0.69689,0.99969,13.91445,1.08012,0,0,0.00000,11,3.19226,1,4.03858,0,0.00000,0,0,0,0,0,0,1,1,0,0.00000,0,,110.68058,324.29407,0,
29,3dbc95.png,118,1.93848,158123349817,0.29566,0.00065,1.74121,0.19727,6,1,0.35241,-0.03952,0,0.42083,0.11833,0,,0.56225,0.92296,7.10814,1.21515,0,0.69689,0.99969,13.91445,1.21515,0,1143,0.00000,11,2.99771,0,4.03858,0,0.00000,0,0,0,0,0,0,1,1,0,0.00000,0,,312.41855,195.11320,0,
29,3dbc95.png,166,2.72656,158131229505,0.30514,0.05180,2.49707,0.22949,7,1,0.24858,0.03050,1,0.42083,0.11833,0,,0.55759,0.92601,7.84627,1.16461,1,0.69689,0.99969,13.91445,1.14763,0,0,0.00000,12,3.06598,1,4.03858,0,0.00000,0,0,0,0,0,0,1,1,0,0.00000,0,,64.02190,286.51718,0,
29,3dbc95.png,180,2.95703,158133533284,0.32068,-0.02661,2.74316,0.21387,8,1,0.42564,-0.07018,1,0.42083,0.11833,0,,0.56752,0.92648,8.89546,1.23697,1,0.69689,0.99969,13.91445,1.21515,0,0,0.00000,12,2.86024,1,4.03858,0,0.00000,0,0,0,0,0,0,1,1,0,0.00000,0,,98.70936,72.40606,0,
29,3dbc95.png,201,3.30176,158136981692,0.41604,0.03318,3.02246,0.27930,9,1,0.41667,0.26987,0,0.42083,0.11833,0,,0.57990,0.92817,7.70920,1.19817,0,0.69689,0.99969,13.91445,1.21515,0,1144,0.00000,12,2.74518,0,4.03858,0,0.00000,0,0,0,0,0,0,1,1,0,0.00000,0,,196.64735,338.60126,0,
29,3dbc95.png,249,4.09082,158144870352,0.30883,0.14280,3.76172,0.32910,10,1,0.34503,0.22597,0,0.42083,0.11833,0,,0.61320,0.94892,8.17675,1.08012,0,0.69689,0.99969,13.91445,1.08012,0,1145,0.00000,13,2.70951,0,4.03858,0,0.00000,0,0,0,0,0,0,1,1,0,0.00000,0,,244.28519,212.58060,0,
13,2a1907.png,135,2.21777,158197112725,0.57034,0.30482,2.08594,0.13184,2,1,0.54982,0.28844,0,0.42083,0.11833,0,,0.65590,0.98758,6.70145,1.09709,0,0.69689,0.99969,13.91445,1.08012,0,0,0.00000,13,2.63437,0,4.03858,0,0.00000,0,0,0,0,0,0,1,1,0,0.00000,0,,538.42755,338.83249,0,
13,2a1907.png,250,4.10645,158216003788,0.59297,0.34354,3.86035,0.24609,3,1,0.65949,0.23786,1,0.42083,0.11833,0,,0.65335,0.98150,8.69895,1.12418,1,0.69689,0.99969,13.91445,1.09362,0,0,0.00000,13,2.93811,1,4.03858,0,0.00000,0,0,0,0,0,0,1,1,0,0.00000,0,,63.61432,313.07990,0,
13,2a1907.png,265,4.35352,158218469053,0.65216,0.24028,4.12305,0.23047,4,1,0.66193,0.33287,1,0.42083,0.11833,0,,0.65227,0.98226,9.82188,1.03969,1,0.69689,0.99969,13.91445,1.02610,0,0,0.00000,13,2.87382,1,4.03858,0,0.00000,0,0,0,0,0,0,1,1,0,0.00000,0,,168.13484,47.47480,0,
13,2a1907.png,285,4.68359,158221768609,0.62333,0.32502,4.41895,0.26465,5,1,0.58097,0.39668,1,0.42083,0.11833,0,,0.65920,0.98850,9.59586,1.06669,1,0.69689,0.99969,13.91445,1.05311,0,0,0.00000,13,3.06641,1,4.03858,0,0.00000,0,0,0,0,0,0,1,1,0,0.00000,0,,115.77769,241.43845,0,
13,2a1907.png,305,5.00977,158225039525,0.55228,0.32172,4.69824,0.31152,6,1,0.45265,0.48009,1,0.42083,0.11833,0,,0.66271,0.96344,10.51712,1.13085,1,0.69689,0.99969,13.91445,1.11387,0,0,0.00000,13,3.11543,1,4.03858,0,0.00000,0,0,0,0,0,0,1,1,0,0.00000,0,,136.47348,178.33723,0,
13,2a1907.png,330,5.42090,158229144718,0.48184,0.48112,5.07617,0.34473,7,1,0.49528,0.50101,1,0.42083,0.11833,0,,0.64765,0.98159,10.90529,1.11387,1,0.69689,0.99969,13.91445,1.11387,0,0,0.00000,13,3.21049,1,4.03858,0,0.00000,0,0,0,0,0,0,1,1,0,0.00000,0,,234.26306,234.73773,0,
13,2a1907.png,397,6.52148,158240151076,0.46154,0.67248,6.17676,0.34473,8,1,0.45350,0.79630,1,0.42083,0.11833,0,,0.74826,0.99721,13.00853,0.97209,0,0.44909,0.99343,14.05811,0.97209,1,0,0.00000,13,3.83696,0,3.92988,1,0.00000,0,0,0,0,0,0,1,1,0,0.00000,0,,232.91628,260.36685,0,
13,2a1907.png,419,6.88281,158243768374,0.45963,0.72341,6.53809,0.34473,9,1,0.47174,0.81567,1,0.42083,0.11833,0,,0.74826,0.99721,13.00853,1.03953,0,0.46898,0.97044,13.09813,1.05311,1,0,0.00000,13,3.83696,0,3.80534,1,0.00000,0,0,0,0,0,0,1,1,0,0.00000,0,,61.22595,266.56616,0,
13,2a1907.png,426,6.99805,158244921297,0.46361,0.74302,6.89941,0.09863,10,1,0.46007,0.74023,1,0.42083,0.11833,0,,0.74826,0.99721,13.00853,1.08012,0,0.47046,0.96505,13.13621,1.08012,1,0,0.00000,13,3.83696,0,3.70885,1,0.00000,0,0,0,0,0,0,1,1,0,0.00000,0,,24.74161,287.99017,0,
9,f08c55.jpg,14,0.22949,158247382689,0.46347,0.74617,0.00000,0.22950,1,1,0.46081,0.76816,1,0.42083,0.11833,0,,0.74826,0.99721,13.00853,1.08012,0,0.47337,0.96643,12.39210,1.08012,1,0,0.00000,13,3.83696,0,3.47661,1,0.00000,0,0,0,0,0,0,1,1,0,0.00000,0,,3.78951,265.93338,0,
9,f08c55.jpg,29,0.47656,158249845919,0.44914,0.75985,0.24609,0.23047,2,1,0.42598,0.47029,1,0.42083,0.11833,0,,0.74826,0.99721,13.00853,0.99910,0,0.48144,0.95481,11.01306,0.99910,1,0,0.00000,13,3.83696,0,3.12861,1,0.00000,0,0,0,0,0,0,1,1,0,0.00000,0,,32.03880,210.82245,0,
9,f08c55.jpg,47,0.77344,158252816059,0.44094,0.35873,0.54199,0.23145,3,1,0.45251,0.30182,1,0.42083,0.11833,0,,0.47939,0.93154,12.12370,1.02626,1,0.80684,0.95414,11.74842,1.05681,1,0,0.00000,13,3.57212,1,3.18073,1,0.00000,0,0,0,0,0,0,1,1,0,0.00000,0,,481.60144,91.87338,0,
9,f08c55.jpg,65,1.06934,158255778149,0.47626,0.33466,0.79004,0.27930,4,1,0.54768,0.35506,1,0.42083,0.11833,0,,0.48216,0.92804,11.94662,1.08012,1,0.80812,0.94881,11.93705,1.08012,1,0,0.00000,13,3.63413,1,3.28245,1,0.00000,0,0,0,0,0,0,1,1,0,0.00000,0,,73.70941,23.07048,0,
9,f08c55.jpg,90,1.48047,158259884265,0.52189,0.38913,1.08496,0.39551,5,1,0.47566,0.38675,1,0.42083,0.11833,0,,0.47658,0.92031,11.35382,1.10010,1,0.80241,0.93734,11.95556,1.08652,1,0,0.00000,13,3.33099,1,3.10001,1,0.00000,0,0,0,0,0,0,1,1,0,0.00000,0,,109.30640,323.27399,0,
9,f08c55.jpg,103,1.69336,158262016252,0.40860,0.20612,1.49609,0.19727,6,1,0.34912,0.07314,1,0.42083,0.11833,0,,0.49256,0.89956,13.42100,1.09690,1,0.81696,0.91858,12.88189,1.09690,1,0,0.00000,13,3.80143,1,3.63076,1,0.00000,0,0,0,0,0,0,1,1,0,0.00000,0,,309.10022,134.72537,0,
9,f08c55.jpg,141,2.31836,158268263328,0.34306,0.05492,1.75879,0.55957,7,1,0.34584,0.10994,1,0.42083,0.11833,0,,0.49277,0.90004,13.31869,1.05326,1,0.81524,0.91980,13.78827,1.05326,1,0,0.00000,13,3.93228,1,3.79590,1,0.00000,0,0,0,0,0,0,1,1,0,0.00000,0,,220.80621,124.74306,0,
9,f08c55.jpg,174,2.85938,158273678800,0.34273,0.06620,2.33398,0.52539,8,1,0.33758,0.17500,1,0.42083,0.11833,0,,0.47644,0.90466,13.64684,1.11368,1,0.79884,0.91578,13.69898,1.11368,1,0,0.00000,13,3.74483,1,3.89082,1,0.00000,0,0,0,0,0,0,1,1,0,0.00000,0,,13.55082,267.32001,0,
9,f08c55.jpg,179,2.94043,158274491583,0.35686,0.10748,2.87598,0.06445,9,1,0.36819,0.11628,0,0.42083,0.11833,0,,0.47435,0.90615,13.84076,1.19817,0,0.79774,0.91576,13.95930,1.21515,0,1147,0.00000,13,3.90045,0,4.01960,0,0.00000,0,0,0,0,0,0,1,1,0,0.00000,0,,56.47860,298.70844,0,
9,f08c55.jpg,214,3.51563,158280238966,0.38835,0.30704,3.20410,0.31152,10,1,0.37507,0.47587,1,0.42083,0.11833,0,,0.66223,0.90529,12.93131,1.08012,0,0.64301,0.91984,12.80456,1.08012,1,0,0.00000,14,10.45198,0,10.00658,1,0.00000,0,0,0,0,0,0,1,1,0,0.00000,0,,246.98654,284.16965,0,
9,f08c55.jpg,235,3.86035,158283688708,0.36675,0.34762,3.53223,0.32813,11,1,0.37898,0.53744,1,0.42083,0.11833,0,,0.66223,0.90529,12.93131,1.21515,0,0.65321,0.93124,11.90767,1.21515,1,0,0.00000,13,10.45198,0,9.28553,1,0.00000,0,0,0,0,0,0,1,1,0,0.00000,0,,63.96270,229.58061,0,
9,f08c55.jpg,248,4.07422,158285824543,0.44241,0.30883,3.87695,0.19727,12,1,0.60819,-0.08316,1,0.42083,0.11833,0,,0.66223,0.90529,12.93131,1.09690,0,0.68113,0.91463,12.88003,1.11387,1,0,0.00000,13,10.45198,0,10.21040,1,0.00000,0,0,0,0,0,0,1,1,0,0.00000,0,,152.54266,17.76705,0,
9,f08c55.jpg,271,4.45215,158289603832,0.62610,-0.14203,4.13965,0.31250,13,1,0.60245,-0.00584,1,0.42083,0.11833,0,,0.66223,0.90529,12.93131,1.08012,0,0.69890,0.91657,12.80973,1.08012,1,0,0.00000,13,10.45198,0,10.83752,1,0.00000,0,0,0,0,0,0,1,1,0,0.00000,0,,645.83453,56.90070,0,
9,f08c55.jpg,288,4.73242,158292407808,0.56991,-0.09399,4.46875,0.26367,14,1,0.39602,-0.21084,1,0.42083,0.11833,0,,0.38348,0.99446,11.71742,1.13066,1,0.69594,0.91833,12.43873,1.14763,1,0,0.00000,13,3.62419,1,3.79342,1,0.00000,0,0,0,0,0,0,1,1,0,0.00000,0,,122.32106,208.11771,0,
9,f08c55.jpg,309,5.07617,158295848409,0.41839,-0.12145,4.84668,0.22949,15,1,0.42874,-0.08251,1,0.42083,0.11833,0,,0.38564,0.99545,11.35469,1.08012,0,0.72549,0.93909,12.28612,1.08012,1,0,0.00000,13,3.57663,0,3.80189,1,0.00000,0,0,0,0,0,0,1,1,0,0.00000,0,,292.77859,173.53772,0,
9,f08c55.jpg,342,5.61816,158301266719,0.36296,-0.05398,5.14160,0.47656,16,1,0.34565,-0.13574,1,0.42083,0.11833,0,,0.38564,0.99545,11.35469,1.16461,0,0.77206,0.96074,12.73256,1.14763,1,0,0.00000,13,3.57663,0,3.86225,1,0.00000,0,0,0,0,0,0,1,1,0,0.00000,0,,133.72202,217.26231,0,
9,f08c55.jpg,369,6.06152,158305701864,0.37661,-0.12679,5.68359,0.37793,17,1,0.38917,-0.05388,1,0.42083,0.11833,0,,0.38564,0.99545,11.35469,1.08012,0,0.80492,0.95046,14.12100,1.08012,1,0,0.00000,13,3.57663,0,4.11549,1,0.00000,0,0,0,0,0,0,1,1,0,0.00000,0,,91.21800,73.30292,0,
9,f08c55.jpg,387,6.35742,158308660674,0.40170,-0.15302,6.07813,0.27930,18,1,0.38832,-0.15228,1,0.42083,0.11833,0,,0.38564,0.99545,11.35469,1.16461,0,0.79945,0.92632,15.01141,1.14763,1,0,0.00000,13,3.57663,0,4.07785,1,0.00000,0,0,0,0,0,0,1,1,0,0.00000,0,,57.54433,33.16055,0,
9,f08c55.jpg,404,6.63672,158311451840,0.37512,-0.10458,6.37402,0.26270,19,1,0.37110,-0.12153,1,0.42083,0.11833,0,,0.46476,0.99749,14.59604,1.18494,1,0.78065,0.93383,14.28485,1.15438,1,0,0.00000,13,4.49919,1,4.26518,1,0.00000,0,0,0,0,0,0,1,1,0,0.00000,0,,77.35172,228.71843,0,
9,f08c55.jpg,427,7.01465,158315230314,0.37060,-0.09393,6.80176,0.21289,20,1,0.38994,-0.04905,0,0.42083,0.11833,0,,0.46476,0.99749,14.59604,1.16441,0,0.72390,0.93716,14.49321,1.18139,0,0,0.00000,13,4.49919,0,4.23029,0,0.00000,0,0,0,0,0,0,1,1,0,0.00000,0,,15.44808,235.82109,0,
15,3d5500.png,0,0.00000,158315400597,0.37060,-0.09393,0.00000,0.00000,1,1,0.38994,-0.04905,0,0.42083,0.11833,0,,0.46476,0.99749,14.59604,1.19817,0,0.72390,0.93716,14.49321,1.21515,0,1148,0.00000,13,4.49919,0,4.23029,0,0.00000,0,0,0,0,0,0,1,1,0,0.00000,0,,0.00000,0.00000,0,
15,3d5500.png,41,0.67383,158322131139,0.40995,-0.08019,0.41113,0.26270,2,1,0.41528,-0.01670,1,0.42083,0.11833,0,,0.66292,0.95613,14.40195,1.21515,1,0.72390,0.93716,14.49321,1.21515,0,0,0.00000,14,4.37484,1,4.23029,0,0.00000,0,0,0,0,0,0,1,1,0,0.00000,0,,77.33019,347.68915,0,
15,3d5500.png,60,0.98535,158325254210,0.47990,0.04298,0.69043,0.29492,3,1,0.54075,0.09391,1,0.42083,0.11833,0,,0.64590,0.94137,11.67999,1.16480,1,0.72390,0.93716,14.49321,1.16480,0,0,0.00000,14,3.29722,1,4.23029,0,0.00000,0,0,0,0,0,0,1,1,0,0.00000,0,,199.70877,312.26025,0,
15,3d5500.png,80,1.31445,158328539290,0.53235,0.02485,1.00195,0.31250,4,1,0.50106,0.10540,1,0.42083,0.11833,0,,0.62408,0.92956,10.28169,1.19836,1,0.72390,0.93716,14.49321,1.19836,0,0,0.00000,14,3.08233,1,4.23029,0,0.00000,0,0,0,0,0,0,1,1,0,0.00000,0,,103.02725,12.19078,0,
15,3d5500.png,98,1.61035,158331497464,0.54259,0.01371,1.33105,0.27930,5,1,0.55909,0.07131,1,0.42083,0.11833,0,,0.61989,0.93621,9.22281,1.21515,1,0.72390,0.93716,14.49321,1.21515,0,0,0.00000,14,2.91177,1,4.23029,0,0.00000,0,0,0,0,0,0,1,1,0,0.00000,0,,23.77502,34.21299,0,
15,3d5500.png,124,2.03711,158335769056,0.55983,0.23013,1.67578,0.36133,6,1,0.58764,0.28293,1,0.42083,0.11833,0,,0.63618,0.94367,10.32310,1.21515,1,0.72390,0.93716,14.49321,1.21515,0,0,0.00000,14,2.89988,1,4.23029,0,0.00000,0,0,0,0,0,0,1,1,0,0.00000,0,,261.80496,277.26352,0,
15,3d5500.png,137,2.25098,158337904754,0.72706,0.17043,2.05371,0.19727,7,1,0.77099,0.15578,1,0.42083,0.11833,0,,0.64223,0.94453,10.51087,1.14802,1,0.72390,0.93716,14.49321,1.14802,0,0,0.00000,14,3.71569,1,4.23029,0,0.00000,0,0,0,0,0,0,1,1,0,0.00000,0,,328.97665,12.57787,0,
15,3d5500.png,178,2.92480,158344640145,0.80611,0.11176,2.26758,0.65723,8,1,0.83832,0.18190,1,0.42083,0.11833,0,,0.66122,0.95499,11.58621,1.14802,1,0.72390,0.93716,14.49321,1.14802,0,0,0.00000,14,3.52342,1,4.23029,0,0.00000,0,0,0,0,0,0,1,1,0,0.00000,0,,167.31013,24.88507,0,
15,3d5500.png,238,3.91016,158354495035,0.80429,0.38365,3.43457,0.47559,9,1,0.81976,0.35528,1,0.42083,0.11833,0,,0.68269,0.96642,10.28628,1.14802,1,0.72390,0.93716,14.49321,1.14802,0,0,0.00000,14,3.49841,1,4.23029,0,0.00000,0,0,0,0,0,0,1,1,0,0.00000,0,,326.28671,269.38635,0,
15,3d5500.png,255,4.18945,158357290344,0.80240,0.41737,3.92676,0.26270,10,1,0.77054,0.44773,1,0.42083,0.11833,0,,0.67672,0.96947,10.53853,1.14802,1,0.72390,0.93716,14.49321,1.14802,0,0,0.00000,14,3.34326,1,4.23029,0,0.00000,0,0,0,0,0,0,1,1,0,0.00000,0,,40.62638,264.87546,0,
15,3d5500.png,280,4.59961,158361394733,0.80565,0.45299,4.20605,0.39355,11,1,0.80792,0.39375,1,0.42083,0.11833,0,,0.66918,0.95827,9.18475,1.18158,1,0.72390,0.93716,14.49321,1.18158,0,0,0.00000,14,3.06890,1,4.23029,0,0.00000,0,0,0,0,0,0,1,1,0,0.00000,0,,43.19709,278.30566,0,
15,3d5500.png,310,5.09375,158366331720,0.81054,0.41493,4.61621,0.47754,12,1,0.81874,0.60785,0,0.42083,0.11833,0,,0.64369,0.96489,7.55465,1.09431,0,0.72390,0.93716,14.49321,1.09431,0,1150,0.00000,14,2.77122,0,4.23029,0,0.00000,0,0,0,0,0,0,1,1,0,0.00000,0,,46.62707,78.38354,0,
15,3d5500.png,343,5.63477,158371748069,0.28036,0.08256,5.30664,0.32813,13,1,0.28514,0.06274,1,0.42083,0.11833,0,,0.59602,0.94598,10.12559,1.12117,1,0.72390,0.93716,14.49321,1.12117,0,0,0.00000,15,2.84685,1,4.23029,0,0.00000,0,0,0,0,0,0,1,1,0,0.00000,0,,1093.29309,158.60413,0,
15,3d5500.png,358,5.88184,158374215400,0.29346,0.24820,5.65234,0.22949,14,1,0.28855,0.38684,0,0.42083,0.11833,0,,0.62509,0.96095,9.49523,1.14802,0,0.72390,0.93716,14.49321,1.14802,0,1151,0.00000,15,2.81477,0,4.23029,0,0.00000,0,0,0,0,0,0,1,1,0,0.00000,0,,200.35304,277.21185,0,
15,3d5500.png,381,6.25977,158377992607,0.36470,0.74328,6.09473,0.16504,15,1,0.37421,0.61238,0,0.42083,0.11833,0,,0.63169,0.97141,8.14111,1.14802,0,0.72390,0.93716,14.49321,1.14802,0,0,0.00000,16,2.40407,0,4.23029,0,0.00000,0,0,0,0,0,0,1,1,0,0.00000,0,,609.63837,282.96545,0,
23,074c75.png,85,1.39551,158399675201,0.37023,-0.04636,1.11621,0.27930,2,1,0.39544,0.00181,1,0.42083,0.11833,0,,0.62437,0.95747,9.39567,1.19836,1,0.72390,0.93716,14.49321,1.19836,0,0,0.00000,16,3.03104,1,4.23029,0,0.00000,0,0,0,0,0,0,1,1,0,0.00000,0,,947.62750,89.35803,0,
23,074c75.png,102,1.67480,158402470021,0.34838,-0.01271,1.41211,0.26270,3,1,0.35486,0.07592,1,0.42083,0.11833,0,,0.62396,0.95738,7.90496,1.14802,1,0.72390,0.93716,14.49321,1.14802,0,0,0.00000,16,3.12283,1,4.23029,0,0.00000,0,0,0,0,0,0,1,1,0,0.00000,0,,58.22810,223.90619,0,
23,074c75.png,130,2.13574,158407073722,0.32316,-0.05269,1.69141,0.44434,4,1,0.30625,-0.11299,0,0.42083,0.11833,0,,0.62168,0.95747,6.98601,1.14802,0,0.72390,0.93716,14.49321,1.14802,0,1152,0.00000,15,3.14249,0,4.23029,0,0.00000,0,0,0,0,0,0,1,1,0,0.00000,0,,68.16471,135.26535,0,
23,074c75.png,328,5.38770,158439598105,0.56615,0.00394,5.06055,0.32715,5,1,0.53990,0.06729,1,0.42083,0.11833,0,,0.63764,0.95863,8.20901,1.10774,1,0.72390,0.93716,14.49321,1.10774,0,0,0.00000,16,3.18847,1,4.23029,0,0.00000,0,0,0,0,0,0,1,1,0,0.00000,0,,471.46411,351.71262,0,
23,074c75.png,348,5.71680,158442885985,0.48215,0.08909,5.40430,0.31250,6,1,0.45413,-0.00407,1,0.42083,0.11833,0,,0.63088,0.96038,7.20451,1.16480,1,0.72390,0.93716,14.49321,1.16480,0,0,0.00000,16,2.94943,1,4.23029,0,0.00000,0,0,0,0,0,0,1,1,0,0.00000,0,,190.92412,212.35655,0,
23,074c75.png,358,5.88086,158444528629,0.48382,0.08006,5.73242,0.14844,7,1,0.49902,0.14533,0,0.42083,0.11833,0,,0.63331,0.95965,6.82351,1.21515,0,0.72390,0.93716,14.49321,1.21515,0,1153,0.00000,16,2.70540,0,4.23029,0,0.00000,0,0,0,0,0,0,1,1,0,0.00000,0,,11.30044,73.51627,0,
5,d70468.jpg,26,0.42676,158460136600,0.74008,0.00146,0.16406,0.26270,2,1,0.59164,0.00686,1,0.42083,0.11833,0,,0.63470,0.95766,10.52398,1.14802,1,0.72390,0.93716,14.49321,1.14802,0,0,0.00000,17,3.43062,1,4.23029,0,0.00000,0,0,0,0,0,0,1,1,0,0.00000,0,,500.97824,10.85194,0,
5,d70468.jpg,33,0.54199,158461287330,0.66561,-0.04292,0.44336,0.09863,3,1,0.65758,-0.10050,0,0.42083,0.11833,0,,0.63472,0.95809,10.76989,1.21515,0,0.72390,0.93716,14.49321,1.21515,0,1154,0.00000,17,3.31909,0,4.23029,0,0.00000,0,0,0,0,0,0,1,1,0,0.00000,0,,152.57841,159.57138,0,
5,d70468.jpg,68,1.11719,158467033853,0.57264,-0.10412,0.85449,0.26270,4,1,0.58737,0.06214,1,0.42083,0.11833,0,,0.63509,0.95628,12.31796,1.10774,1,0.72390,0.93716,14.49321,1.10774,0,0,0.00000,18,3.62402,1,4.23029,0,0.00000,0,0,0,0,0,0,1,1,0,0.00000,0,,193.01958,157.63661,0,
5,d70468.jpg,94,1.54395,158471304715,0.56476,0.05567,1.18262,0.36133,5,1,0.55764,0.17752,1,0.42083,0.11833,0,,0.63549,0.95971,11.04784,1.14802,1,0.72390,0.93716,14.49321,1.14802,0,0,0.00000,18,3.11251,1,4.23029,0,0.00000,0,0,0,0,0,0,1,1,0,0.00000,0,,192.34396,265.48853,0,
5,d70468.jpg,113,1.85645,158474426595,0.49761,0.12972,1.56055,0.29590,6,1,0.45433,0.14722,1,0.42083,0.11833,0,,0.63181,0.96126,9.68973,1.14802,1,0.72390,0.93716,14.49321,1.14802,0,0,0.00000,17,3.11013,1,4.23029,0,0.00000,0,0,0,0,0,0,1,1,0,0.00000,0,,156.58397,214.57545,0,
5,d70468.jpg,133,2.18457,158477711278,0.49625,0.12801,1.87305,0.31152,7,1,0.64548,0.14310,1,0.42083,0.11833,0,,0.64106,0.96211,8.97624,1.18158,1,0.72390,0.93716,14.49321,1.18158,0,0,0.00000,17,3.31255,1,4.23029,0,0.00000,0,0,0,0,0,0,1,1,0,0.00000,0,,3.32101,141.83815,0,
5,d70468.jpg,155,2.54590,158481327460,0.62607,0.07902,2.25000,0.29590,8,1,0.51498,0.06883,1,0.42083,0.11833,0,,0.63186,0.96278,9.04742,1.16480,1,0.72390,0.93716,14.49321,1.16480,0,0,0.00000,17,2.83264,1,4.23029,0,0.00000,0,0,0,0,0,0,1,1,0,0.00000,0,,256.09335,13.27099,0,
5,d70468.jpg,175,2.87500,158484612580,0.50108,0.08537,2.56250,0.31250,9,1,0.45964,0.12163,0,0.42083,0.11833,0,,0.62813,0.96265,6.95312,1.21515,0,0.72390,0.93716,14.49321,1.21515,0,1155,0.00000,17,2.92971,0,4.23029,0,0.00000,0,0,0,0,0,0,1,1,0,0.00000,0,,240.10184,181.81868,0,
5,d70468.jpg,241,3.95898,158495455273,0.52553,0.13694,3.38477,0.57422,10,1,0.51491,0.24571,1,0.42083,0.11833,0,,0.62548,0.96179,6.27393,1.18158,1,0.72390,0.93716,14.49321,1.18158,0,0,0.00000,18,2.99001,1,4.23029,0,0.00000,0,0,0,0,0,0,1,1,0,0.00000,0,,77.67479,307.18326,0,
5,d70468.jpg,249,4.09082,158496772208,0.55130,0.22776,3.97559,0.11523,11,1,0.56626,0.25105,0,0.42083,0.11833,0,,0.62664,0.96329,6.62942,1.09431,0,0.72390,0.93716,14.49321,1.09431,0,1156,0.00000,18,2.95326,0,4.23029,0,0.00000,0,0,0,0,0,0,1,1,0,0.00000,0,,119.68970,294.41791,0,
5,d70468.jpg,385,6.32422,158519110368,0.56648,0.98099,6.27539,0.04883,12,1,0.60535,0.52167,1,0.42083,0.11833,0,,0.62858,0.98345,6.97448,1.18158,1,0.72390,0.93716,14.49321,1.18158,0,0,0.00000,18,2.30264,1,4.23029,0,0.00000,0,0,0,0,0,0,1,1,0,0.00000,0,,904.34570,271.84686,0,
5,d70468.jpg,426,6.99805,158525848138,0.54666,-0.06319,6.68652,0.31152,13,1,0.74568,-0.15746,1,0.42083,0.11833,0,,0.63490,0.95772,8.70274,1.14802,1,0.72390,0.93716,14.49321,1.14802,0,0,0.00000,18,2.63054,1,4.23029,0,0.00000,0,0,0,0,0,0,1,1,0,0.00000,0,,0.00000,0.00000,0,
34,d5493d.png,21,0.34473,158529460356,0.71935,-0.12457,0.04883,0.29590,2,1,0.49460,0.10386,1,0.42083,0.11833,0,,0.62767,0.96363,10.97560,1.18158,1,0.72390,0.93716,14.49321,1.18158,0,0,0.00000,18,3.01945,1,4.23029,0,0.00000,0,0,0,0,0,0,1,1,0,0.00000,0,,339.64752,12.52468,0,
34,d5493d.png,40,0.65723,158532583621,0.50900,0.09985,0.41113,0.24609,3,1,0.48438,-0.05097,1,0.42083,0.11833,0,,0.62910,0.96255,11.11744,1.16480,1,0.72390,0.93716,14.49321,1.16480,0,0,0.00000,18,3.43116,1,4.23029,0,0.00000,0,0,0,0,0,0,1,1,0,0.00000,0,,485.42474,213.69557,0,
34,d5493d.png,61,1.00195,158536033171,0.49290,-0.01179,0.67383,0.32813,4,1,0.50662,-0.19779,1,0.42083,0.11833,0,,0.63532,0.96294,7.79809,1.18494,1,0.72390,0.93716,14.49321,1.18494,0,0,0.00000,18,3.13926,1,4.23029,0,0.00000,0,0,0,0,0,0,1,1,0,0.00000,0,,137.48810,102.99311,0,
34,d5493d.png,98,1.61035,158542113121,0.64409,0.04802,1.41406,0.19629,5,1,0.67617,-0.00356,1,0.42083,0.11833,0,,0.65030,0.96583,8.46140,1.16480,1,0.72390,0.93716,14.49321,1.16480,0,0,0.00000,19,3.13034,1,4.23029,0,0.00000,0,0,0,0,0,0,1,1,0,0.00000,0,,299.02588,346.11230,0,
34,d5493d.png,120,1.97168,158545728488,0.42162,0.17144,1.67578,0.29590,6,1,0.41013,0.18335,1,0.42083,0.11833,0,,0.64257,0.96852,9.90265,1.18158,1,0.72390,0.93716,14.49321,1.18158,0,0,0.00000,19,2.94370,1,4.23029,0,0.00000,0,0,0,0,0,0,1,1,0,0.00000,0,,452.09006,199.12308,0,
34,d5493d.png,144,2.36621,158549668948,0.48742,0.18687,1.98828,0.37793,7,1,0.50694,0.16617,1,0.42083,0.11833,0,,0.63836,0.97138,8.63005,1.14802,1,0.72390,0.93716,14.49321,1.14802,0,0,0.00000,19,2.84094,1,4.23029,0,0.00000,0,0,0,0,0,0,1,1,0,0.00000,0,,127.68559,351.66202,0,
34,d5493d.png,160,2.62891,158552300734,0.45690,0.25994,2.38281,0.24609,8,1,0.39409,0.32489,1,0.42083,0.11833,0,,0.64014,0.97509,8.82656,1.14802,1,0.72390,0.93716,14.49321,1.14802,0,0,0.00000,19,2.78100,1,4.23029,0,0.00000,0,0,0,0,0,0,1,1,0,0.00000,0,,105.46212,236.24557,0,
34,d5493d.png,177,2.90820,158555089825,0.41211,0.30026,2.64551,0.26270,9,1,0.41091,0.23121,1,0.42083,0.11833,0,,0.64836,0.97724,8.62152,1.18158,1,0.72390,0.93716,14.49321,1.18158,0,0,0.00000,18,2.91099,1,4.23029,0,0.00000,0,0,0,0,0,0,1,1,0,0.00000,0,,98.67348,209.36322,0,
34,d5493d.png,193,3.17090,158557720988,0.40092,0.33179,2.92480,0.24609,10,1,0.38080,0.27098,1,0.42083,0.11833,0,,0.64713,0.97765,7.94745,1.14802,1,0.72390,0.93716,14.49321,1.14802,0,0,0.00000,18,2.64263,1,4.23029,0,0.00000,0,0,0,0,0,0,1,1,0,0.00000,0,,43.51045,240.41034,0,
34,d5493d.png,216,3.54883,158561502284,0.52290,0.24392,3.28613,0.26270,11,1,0.61167,0.20003,1,0.42083,0.11833,0,,0.65206,0.97976,8.16950,1.15473,1,0.72390,0.93716,14.49321,1.15473,0,0,0.00000,18,3.07800,1,4.23029,0,0.00000,0,0,0,0,0,0,1,1,0,0.00000,0,,256.84390,24.23859,0,
34,d5493d.png,242,3.97559,158565769816,0.64136,0.29395,3.61426,0.36133,12,1,0.64610,0.34899,1,0.42083,0.11833,0,,0.65779,0.98298,7.63593,1.12452,1,0.72390,0.93716,14.49321,1.12452,0,0,0.00000,18,2.92318,1,4.23029,0,0.00000,0,0,0,0,0,0,1,1,0,0.00000,0,,235.23332,345.21344,0,
34,d5493d.png,260,4.27148,158568727176,0.66936,0.32448,3.99219,0.27930,13,1,0.67157,0.25056,1,0.42083,0.11833,0,,0.66251,0.98626,8.91829,1.19836,1,0.72390,0.93716,14.49321,1.19836,0,0,0.00000,17,2.83767,1,4.23029,0,0.00000,0,0,0,0,0,0,1,1,0,0.00000,0,,65.05641,325.72662,0,
34,d5493d.png,274,4.50195,158571029232,0.70533,0.44545,4.28809,0.21387,14,1,0.81203,0.39120,1,0.42083,0.11833,0,,0.67056,0.98979,8.53930,1.19836,1,0.72390,0.93716,14.49321,1.19836,0,0,0.00000,17,2.80249,1,4.23029,0,0.00000,0,0,0,0,0,0,1,1,0,0.00000,0,,160.75517,295.44299,0,
